T,Strike,Type,Market_Price,SSVI_Price,IV_Market,IV_SSVI,Delta,Gamma,Vega,Theta
0.0013082218337695287,71000.0,call,2346.712,2382.3672043737897,0.00010000000000000002,0.4648837560662876,0.9751635233934264,4.713713209644335e-05,1.5417308113272248,-148.45295180647219
0.0013082218337695287,71500.0,call,1851.7024375,1893.1308816556411,0.00010000000000000002,0.42826801050929314,0.9531471850145689,8.619091723932059e-05,2.5970371558364946,-188.67185229929618
0.0013082218337695287,72000.0,call,1375.0265625000002,1413.9649123342533,0.24453909630072912,0.38934659771046815,0.9110740618135487,0.00015584612945692254,4.269071508149912,-243.48771447665635
0.0013082218337695287,73000.0,call,495.0095625,543.4301379529861,0.2551381459163596,0.3071668164520577,0.6783152457469371,0.0004398828824885834,9.506318997708412,-358.0024860047151
0.0013082218337695287,73000.0,put,187.0036125,171.6777504840611,0.3232050409931434,0.3071668164520577,-0.32168475425306287,0.0004398828824885834,9.506318997708412,-280.53037529090665
0.0013082218337695287,73500.0,call,238.33793749999998,231.57456808782445,0.2813428307740487,0.2748601210566429,0.43233316896043256,0.0005393118297233853,10.429241033607864,-333.58362324519874
0.0013082218337695287,73500.0,put,403.341125,359.5687396088397,0.31674570834678495,0.2748601210566429,-0.5676668310395674,0.0005393118297233853,10.429241033607864,-255.58088163609023
0.0040479478611667894,64000.0,call,9918.524937499998,9413.024026509105,1.8773709964364997,0.7508173172847149,0.9981284694949059,1.7039152869692997e-06,0.2785074531176051,-58.604922510991074
0.0040479478611667894,69500.0,put,58.66779999999999,53.72020697905418,0.5428111126428423,0.5329150991430541,-0.05090080191329904,4.207286364685623e-05,4.881065547288028,-84.96784480699067
0.0040479478611667894,70000.0,call,3391.7321875,3491.157612420495,0.00010000000000000002,0.5103235435999484,0.9314083195751011,5.551365059631888e-05,6.167369008188153,-158.86911489256698
0.0040479478611667894,70500.0,put,99.0019125,99.1988059553978,0.4869352584931133,0.48719010934364293,-0.09245083572450641,7.287646113790546e-05,7.729302059842754,-121.87545558479817
0.0040479478611667894,71000.0,call,2475.0478125,2554.8933199687963,0.3649846046069422,0.4635670067479899,0.8753843560594006,9.496945928168838e-05,9.584093136742428,-200.14786293984642
0.0040479478611667894,71000.0,put,132.00254999999999,135.44798002955213,0.4599537631576506,0.4635670067479899,-0.12461564394059943,9.496945928168838e-05,9.584093136742428,-142.85869332419716
0.0040479478611667894,71500.0,call,2016.705625,2105.831779239139,0.3551006778859313,0.4395954950646928,0.8321193844632897,0.00012238606385626396,11.712234041211207,-221.83157204007546
0.0040479478611667894,71500.0,put,190.67034999999998,185.7899932439832,0.4437448813160466,0.4395954950646928,-0.1678806155367103,0.00012238606385626396,11.712234041211207,-164.13895756797794
0.0040479478611667894,72000.0,call,1595.0308125,1676.94546984505,0.35435273414279456,0.4155892839137016,0.774290697877868,0.00015494478886360897,14.018316361033149,-241.66970341705357
0.0040479478611667894,72000.0,put,271.338575,256.30723779398977,0.426238799477067,0.4155892839137016,-0.22570930212213203,0.00015494478886360897,14.018316361033149,-183.57364408850788
0.0040479478611667894,72500.0,call,1228.3570625,1277.1745733009884,0.36185328944826384,0.3921862168340492,0.6981574365857085,0.00019053511519857795,16.26754044176053,-256.2315722383025
0.0040479478611667894,72500.0,put,403.341125,355.9398951940275,0.4210691859119614,0.3921862168340492,-0.3018425634142915,0.00019053511519857795,16.26754044176053,-197.73206805330852
0.0040479478611667894,73000.0,call,898.3506875,919.1969446042276,0.35899710512918165,0.37058197484590316,0.6012013796734204,0.00022326291007719872,18.011729418720574,-260.75699562156905
0.0040479478611667894,73000.0,put,568.3443125,497.3658204413405,0.4098761277961392,0.37058197484590316,-0.39879862032657964,0.00022326291007719872,18.011729418720574,-201.85404658012686
0.0040479478611667894,73500.0,call,623.345375,618.8176687608502,0.3551497984890607,0.35271581565783094,0.48568469575514917,0.00024225800829796247,18.601913379336843,-250.31056627420097
0.0040479478611667894,73500.0,put,806.68225,696.3900985420623,0.41199776745826316,0.35271581565783094,-0.5143153042448508,0.00024225800829796247,18.601913379336843,-191.00417237631052
0.0040479478611667894,74000.0,call,440.0085,389.6751471389107,0.36950615871149545,0.3408974430351993,0.3629872553307406,0.00023587651037221394,17.505034838193293,-223.13298680541362
0.0040479478611667894,74000.0,put,1081.6875625,966.6511308642075,0.40592973302247365,0.3408974430351993,-0.6370127446692594,0.00023587651037221394,17.505034838193293,-163.423148051075
0.0040479478611667894,74500.0,call,289.67226250000004,233.40778217641855,0.3734229426869911,0.33645056571102006,0.2514332404405021,0.0002030430378384993,14.871812694519988,-184.0347452423823
0.0040479478611667894,75000.0,call,187.0036125,136.4658736724432,0.3801016018552576,0.338667195832158,0.16455824212115128,0.00015682124720864347,11.561989667751396,-142.14858084065463
0.00678767388856405,68000.0,put,66.00127499999999,74.05150304346307,0.563232765812431,0.5765631532460287,-0.04997432672969515,2.9594684461410955e-05,6.228754276245358,-70.22937855695983
0.00678767388856405,69000.0,put,106.3353875,115.87612709347832,0.5296774310739002,0.540800964485218,-0.07734058802886801,4.4348336247593065e-05,8.754984657890873,-92.07378824006163
0.00678767388856405,69500.0,put,132.00254999999999,145.16729757098983,0.5094695714590168,0.5225171531472653,-0.09616205675974887,5.4019293422244034e-05,10.303625173654813,-104.32641765007796
0.00678767388856405,70000.0,put,165.00318750000002,182.12699290655655,0.48950751966301786,0.5039997793505593,-0.11950936165542103,6.5503204230024e-05,12.051288727297903,-117.20047011995102
0.00678767388856405,70500.0,put,209.0040375,228.92076448099579,0.4708392256356524,0.48530766148711624,-0.1484249729067112,7.895924783654377e-05,13.9881651248503,-130.32136008761708
0.00678767388856405,71000.0,call,2621.7173125000004,2728.8414054819077,0.39516579706333327,0.4665447874392201,0.8158675350960608,9.441986885786005e-05,16.0804180335627,-185.74451320014566
0.00678767388856405,71000.0,put,275.0053125,288.39560415693086,0.4581585113140645,0.4665447874392201,-0.1841324649039392,9.441986885786005e-05,16.0804180335627,-143.11401968773873
0.00678767388856405,71500.0,put,374.007225,364.3047332437782,0.45318487018636167,0.4478866103634102,-0.22799596471590822,0.0001116605391472824,18.256116565213553,-154.74527585659217
0.00678767388856405,72000.0,put,476.675875,461.5720045066082,0.43700790696912173,0.4296189262665129,-0.2813818108830579,0.00012999441495258383,20.386782958578518,-164.0758152773309
0.00678767388856405,72500.0,call,1466.695,1529.2005511095558,0.3839700912292838,0.41218888105001966,0.6546704510500223,0.0001479971257443438,22.268458443429765,-213.19344504400792
0.00678767388856405,72500.0,put,623.345375,586.5217398974382,0.4286790868896599,0.41218888105001966,-0.3453295489499777,0.0001479971257443438,22.268458443429765,-169.66230730246565
0.00678767388856405,73000.0,call,1173.356,1190.2736860197765,0.3890872818476839,0.39625311717593764,0.5800807292366911,0.00016326677806279433,23.616259608753147,-213.7246519171737
0.00678767388856405,73000.0,put,825.0159375,746.8505381786163,0.42930766715546115,0.39625311717593764,-0.4199192707633089,0.00016326677806279433,23.616259608753147,-169.8932994325863
0.00678767388856405,73500.0,call,898.3506875,895.0443147172264,0.38404580896792767,0.3826740227808735,0.4966587220432501,0.0001725422874934281,24.102668823244098,-207.5079743985896
0.00678767388856405,73500.0,put,1063.353875,950.8768302470271,0.42933908598711656,0.3826740227808735,-0.5033412779567499,0.0001725422874934281,24.102668823244098,-163.3764071709571
0.00678767388856405,74000.0,call,678.3464375,650.4558237721321,0.3842498200434257,0.37237829905031666,0.4088698946698097,0.00017267243769486084,23.471885840292853,-194.03512025509613
0.00678767388856405,74000.0,put,1356.6928750000002,1205.5440026728756,0.4364901244024686,0.37237829905031666,-0.5911301053301903,0.00017267243769486084,23.471885840292853,-149.6033382844185
0.00678767388856405,74500.0,call,513.3432499999999,459.1496224002258,0.3908393367791766,0.3660432303193236,0.3233811879463532,0.00016240712289989284,21.70091532037705,-174.29657424928098
0.00678767388856405,75000.0,call,381.34069999999997,317.6164761400978,0.3965305344452332,0.3637841208875748,0.2468368200890465,0.00014360199348045012,19.069741557004072,-150.69939540188943
0.00678767388856405,75000.0,put,1888.3698125,1871.2159817827487,0.37272676916974634,0.3637841208875748,-0.7531631799109535,0.00014360199348045012,19.069741557004072,-105.66718394512154
0.00678767388856405,75500.0,call,271.338575,217.39821079419744,0.3976196131456863,0.3651280170396946,0.18333478455180074,0.00012031975169698436,16.03698362575052,-126.12853516381982
0.00678767388856405,76000.0,call,190.67034999999998,148.36715071454637,0.40019467773479384,0.36928559247497333,0.13367656588926158,9.665539437732762e-05,13.029539342896488,-102.91199409178813
0.00952739991596131,66000.0,put,58.66779999999999,68.23549665063956,0.6079191649136013,0.625046006692281,-0.03733385705711001,1.8207809475999696e-05,5.831277538855615,-51.18807705318532
0.00952739991596131,68000.0,put,124.669075,142.83052758333906,0.5460494901767333,0.56421616011915,-0.07688366181721162,3.571799016013343e-05,10.325867812684375,-81.2588608196626
0.00952739991596131,69000.0,put,179.67013749999998,207.10216693966868,0.5118152725306414,0.5328050527480837,-0.10999200541401222,4.930057760681317e-05,13.459048840404533,-99.51642733423915
0.00952739991596131,70000.0,put,271.338575,301.3599595683827,0.4831723602022758,0.5009409308192182,-0.1569409913258073,6.700088550360003e-05,17.197332485100443,-118.74069812557475
0.00952739991596131,70500.0,put,333.6731125,364.216445862854,0.46890033200241843,0.4849739886709788,-0.1871823364883617,7.745298711951731e-05,19.246450396355776,-128.09158360674232
0.00952739991596131,71000.0,put,421.6748125,440.8691114128378,0.46007911481154706,0.46911613707015987,-0.22289802021194438,8.883845724868841e-05,21.35381163264645,-136.74768576371315
0.00952739991596131,71500.0,put,531.6769375,534.5676041068,0.45229337544431814,0.45352734759484603,-0.26481298765495964,0.00010085854855360108,23.43744256923748,-144.17415940239533
0.00952739991596131,72000.0,call,2035.0393125,2092.609693670398,0.41561755854973614,0.4384377553556681,0.6864720359903393,0.00011296456043097426,25.377228447566928,-180.91229369095723
0.00952739991596131,72000.0,put,660.0127500000001,649.2977877039848,0.4426557007049296,0.4384377553556681,-0.31352796400966065,0.00011296456043097426,25.377228447566928,-149.71747283965297
0.00952739991596131,72500.0,call,1668.3655625,1733.8716303813198,0.39984241903697515,0.4241664912546095,0.6306797917174525,0.00012428042599841346,27.01053067124116,-184.04638625605622
0.00952739991596131,72500.0,put,843.349625,789.8058222901345,0.44394677868431404,0.4241664912546095,-0.3693202082825475,0.00012428042599841346,27.01053067124116,-152.63493470439568
0.00952739991596131,73000.0,call,1375.0265625,1406.2467717457985,0.4000326609060633,0.4111311705956015,0.5681533451568597,0.00013357735610185713,28.138910288508715,-183.80666735406896
0.00952739991596131,73000.0,put,1026.6865,961.4270615298556,0.4343091026169599,0.4111311705956015,-0.43184665484314033,0.00013357735610185713,28.138910288508715,-152.17858510205215
0.00952739991596131,73500.0,call,1118.3549375,1115.1226391068121,0.4009612682190054,0.39982937766680254,0.5002009036320618,0.00013939214345481355,28.556634578892943,-179.59954579260375
0.00952739991596131,73500.0,put,1283.3581250000002,1169.5490267661007,0.4396833266713297,0.39982937766680254,-0.4997990963679382,0.00013939214345481355,28.556634578892943,-147.75483284023068
0.00952739991596131,74000.0,call,880.017,864.9203375898869,0.39613960142923704,0.390769897795818,0.42931205761497604,0.0001403789931409088,28.107178471241408,-171.20731857708253
0.00952739991596131,74000.0,put,1558.3634375,1418.592823124396,0.44038996504955835,0.390769897795818,-0.570687942385024,0.0001403789931409088,28.107178471241408,-139.14597492435317
0.00952739991596131,74500.0,call,696.680125,657.7815405550464,0.3988536455890805,0.3843517742450288,0.3589638293807742,0.00013584675704297316,26.752981694810025,-158.9812428456251
0.00952739991596131,74500.0,put,1870.036125,1710.700123964787,0.4433415054883538,0.3843517742450288,-0.6410361706192258,0.00013584675704297316,26.752981694810025,-126.70326849253946
0.00952739991596131,75000.0,call,550.010625,492.60839254267194,0.4038475678307493,0.3807390315025745,0.29287652294313826,0.000126179072276972,24.615505435865256,-143.8590444788451
0.00952739991596131,75500.0,call,421.6748125,365.16707867732475,0.40511653660158004,0.37981089703989307,0.23402572940010002,0.00011277215575110887,21.94640200387537,-127.1372499494024
0.00952739991596131,76000.0,call,319.00616249999996,269.26765639436417,0.40665788246796947,0.38122173707749457,0.1840021079244552,9.749018355842347e-05,19.042877378482483,-110.1172708390167
0.00952739991596131,77000.0,call,183.336875,146.15809380382234,0.41550505800364856,0.38926224366377676,0.11030801859756278,6.761947887961587e-05,13.486775486427373,-78.93039732116428
0.00952739991596131,78000.0,call,106.3353875,80.14335071970618,0.4284320913253173,0.40160185688930217,0.06485574134856041,4.40308674644891e-05,9.060391850273273,-54.346319179697744
0.00952739991596131,79000.0,call,66.00127499999999,44.624276435147294,0.44821319619403227,0.4160612066604167,0.03795899197865476,2.772682323491799e-05,5.91086941464498,-36.54845845633794
0.01500685197075583,63000.0,put,58.66779999999999,65.02926232983305,0.6538648349035387,0.6653639282748984,-0.02761051945188142,1.0624132300742834e-05,5.705082815151518,-34.25312635567582
0.01500685197075583,64000.0,put,66.00127499999999,87.6062265032856,0.6089378596029086,0.6411065159199592,-0.037039741274664695,1.4053196234076183e-05,7.271341331045717,-42.02013489926709
0.01500685197075583,65000.0,call,8433.49625,8520.263826929156,0.4862877982790109,0.616481558233432,0.9504357157554054,1.8492759008169804e-05,9.200915235854632,-63.40848440564398
0.01500685197075583,66000.0,call,7443.477125,7561.878957134446,0.45172258572171314,0.5914840431756709,0.9338319861237601,2.419350940283253e-05,11.549179542091514,-73.93848229968067
0.01500685197075583,66000.0,put,113.6688625,158.434741963767,0.549441428241173,0.5914840431756709,-0.06616801387623994,2.419350940283253e-05,11.549179542091514,-61.403851280933914
0.01500685197075583,67000.0,call,6508.4590625,6617.4276662910415,0.4774491215968842,0.5661314216395853,0.9118668449016758,3.1435019529216744e-05,14.362836763434254,-85.6794148735826
0.01500685197075583,67000.0,put,154.002975,212.9426296784004,0.5220162722710489,0.5661314216395853,-0.0881331550983242,3.1435019529216744e-05,14.362836763434254,-72.95486520303665
0.01500685197075583,68000.0,call,5610.108375,5691.896787399506,0.4909961801888307,0.5404819436750761,0.8828871561410363,4.0495587149633144e-05,17.664368667183705,-98.37711142746343
0.01500685197075583,68000.0,put,220.00425,286.37092934486645,0.5008934025134497,0.5404819436750761,-0.1171128438589637,4.0495587149633144e-05,17.664368667183705,-85.46264310511827
0.01500685197075583,69000.0,call,4748.4250625,4792.236873928523,0.4937980355791752,0.5146672448779008,0.8448080722409306,5.1579289993054786e-05,21.424520907152917,-111.52000027439243
0.01500685197075583,69000.0,put,319.00616249999996,385.6701944319084,0.4825414366419926,0.5146672448779008,-0.15519192775906943,5.1579289993054786e-05,21.424520907152917,-98.4156133002481
0.01500685197075583,70000.0,call,3868.4080624999997,3928.2130626554863,0.465131441648089,0.4889497840586569,0.7951202061435212,6.466064663104886e-05,25.51605515854971,-124.22355238629251
0.01500685197075583,70000.0,put,458.3421875,520.6055617168913,0.4641348129913925,0.4889497840586569,-0.2048797938564788,6.466064663104886e-05,25.51605515854971,-110.92924676034899
0.01500685197075583,71000.0,call,3080.0595,3113.5427002057695,0.45247572656652624,0.4638201110666056,0.7311090723156692,7.91885471586605e-05,29.64293358631624,-135.1055060606782
0.01500685197075583,71000.0,put,660.0127500000001,704.894377825196,0.4485906004613762,0.4638201110666056,-0.26889092768433076,7.91885471586605e-05,29.64293358631624,-121.62128178293548
0.01500685197075583,72000.0,call,2310.044625,2367.0610861645764,0.42295215740063385,0.44014252252319064,0.6506009535720892,9.361591913850683e-05,33.25464101751511,-142.22896366787646
0.01500685197075583,72000.0,put,953.35175,957.3719423420262,0.4389333962753018,0.44014252252319064,-0.34939904642791075,9.361591913850683e-05,33.25464101751511,-128.55482073833454
0.01500685197075583,73000.0,call,1686.69925,1712.7034807144155,0.41197859206057474,0.419301474424256,0.5537045765164087,0.00010494699150542318,35.514492503157435,-143.325540989639
0.01500685197075583,73000.0,put,1356.692875,1301.9735154498812,0.4347060137271671,0.419301474424256,-0.4462954234835913,0.00010494699150542318,35.514492503157435,-129.4614794082979
0.01500685197075583,74000.0,call,1210.023375,1175.2851060423345,0.41291430926516287,0.40313309948241394,0.4454833216576784,0.00010912557024095604,35.50456646650343,-136.64080201436275
0.01500685197075583,74000.0,put,1870.036125,1763.5143193358163,0.433108916187469,0.40313309948241394,-0.5545166783423217,0.00010912557024095604,35.50456646650343,-122.58682178122245
0.01500685197075583,75000.0,call,806.68225,769.4531643715163,0.4046052722620685,0.393289394457319,0.3371182103853552,0.00010336564805671065,32.809355351628454,-122.34089698310613
0.01500685197075583,75000.0,put,2438.3804375,2356.6415562230177,0.4180576649366249,0.393289394457319,-0.6628817896146448,0.00010336564805671065,32.809355351628454,-108.09699809816662
0.01500685197075583,76000.0,call,531.6769375,488.3382470682009,0.4055351077891959,0.3902265215828839,0.24162275641014264,8.900291740241922e-05,28.03046197075709,-103.12279765303336
0.01500685197075583,80000.0,call,91.66843749999998,77.3163600968146,0.43473430472576946,0.41996438299551264,0.04998982504158994,2.7331987400927907e-05,9.263879593537816,-36.195719546814395
0.01500685197075583,80000.0,put,6746.797,6659.300644738425,0.4957817654064543,0.41996438299551264,-0.95001017495841,2.7331987400927907e-05,9.263879593537816,-21.002227402878923
0.03418493416253665,40000.0,call,33348.9775625,33267.87708951652,1.514233152517316,1.0055878687586814,0.9995870829431946,1.0916096475489748e-07,0.20180957608985725,4.66981037218965
0.03418493416253665,45000.0,call,28380.54825,28263.617874088384,1.324158207564813,0.9170379624650576,0.9984369279575555,4.074658584418463e-07,0.6869623237419367,3.6323807808326096
0.03418493416253665,55000.0,call,18425.355937499997,18300.323444837522,0.9003303174657136,0.7436923679167489,0.9841692827397373,3.933490443562018e-06,5.37806198521428,-8.64935282059115
0.03418493416253665,55000.0,put,58.66779999999999,59.63765092598669,0.7418794832772149,0.7436923679167489,-0.01583071726026275,3.933490443562018e-06,5.37806198521428,-16.1945012880042
0.03418493416253665,57000.0,call,17233.66625,16328.548604286829,1.2268599796207043,0.7088517293647509,0.9758736822988126,5.902014173017658e-06,7.691482047964297,-14.283095351962068
0.03418493416253665,57000.0,put,73.33475,91.28332696033544,0.683934098737952,0.7088517293647509,-0.02412631770118745,5.902014173017658e-06,7.691482047964297,-22.102612854553772
0.03418493416253665,58000.0,call,15455.2985625,15348.080022675822,0.7867461711734736,0.6913471616439317,0.9703396555280368,7.190369483063272e-06,9.139065104096622,-17.675232018048856
0.03418493416253665,58000.0,put,77.00148750000001,112.52500364184698,0.6480150053300947,0.6913471616439317,-0.029660344471963196,7.190369483063272e-06,9.139065104096622,-25.631934038229893
0.03418493416253665,59000.0,call,14373.611,14372.255705471267,0.6750276278929939,0.6737775612298271,0.9636310698854711,8.728186593885424e-06,10.811723866147169,-21.481659783115013
0.03418493416253665,59000.0,put,91.6684375,138.41094472981467,0.6253407096438165,0.6737775612298271,-0.03636893011452891,8.728186593885424e-06,10.811723866147169,-29.57554632088538
0.03418493416253665,60000.0,call,13493.594,13402.054832112735,0.7198360946506397,0.6561387638932781,0.9555158881113214,1.055583038614851e-05,12.73334419890817,-25.71858673791793
0.03418493416253665,60000.0,put,106.3353875,169.9203296638084,0.599627518484508,0.6561387638932781,-0.044484111888678624,1.055583038614851e-05,12.73334419890817,-33.94965779327762
0.03418493416253665,61000.0,put,128.3358125,208.2412310236582,0.5779546920239467,0.6384296021697468,-0.05428051185452931,1.2717623762783247e-05,14.927028703684476,-38.76183331404645
0.03418493416253665,62000.0,call,11550.223125,11483.532859520012,0.6567886270208673,0.620653165557403,0.9339179168536943,1.5261005857087715e-05,17.413517762342668,-35.502106534815
0.03418493416253665,62000.0,put,150.3362375,254.8188736561051,0.5526045296432793,0.620653165557403,-0.0660820831463057,1.5261005857087715e-05,17.413517762342668,-44.00754662535335
0.03418493416253665,63000.0,call,10578.537687499998,10538.420280139522,0.6221171707087044,0.6028185996562887,0.9197307911839194,1.8234815120552227e-05,20.208886634384708,-41.02322281696074
0.03418493416253665,63000.0,put,187.0036125,311.4165525681474,0.533773457927821,0.6028185996562887,-0.08026920881608057,1.8234815120552227e-05,20.208886634384708,-49.665847425088415
0.03418493416253665,64000.0,call,9625.1859375,9605.486235930483,0.5932993772242918,0.5849436778561706,0.9027144755653561,2.1686192719860383e-05,23.321245662741468,-46.91417124114791
0.03418493416253665,64000.0,put,242.004675,380.1927666516094,0.5197878297340686,0.5849436778561706,-0.09728552443464389,2.1686192719860383e-05,23.321245662741468,-55.69398036686491
0.03418493416253665,65000.0,call,8690.167875,8687.382046917206,0.5680988353574888,0.5670584763170881,0.882356812634927,2.565535768772543e-05,26.746089897922893,-53.10381929442244
0.03418493416253665,65000.0,put,308.00595000000004,463.7988359308674,0.5040128683861747,0.5670584763170881,-0.11764318736507295,2.565535768772543e-05,26.746089897922893,-62.02081293772877
0.03418493416253665,66000.0,call,7773.483499999999,7787.374527955151,0.5446302020526221,0.5492106062373648,0.8580758396935251,3.016718329692328e-05,30.459870819670336,-59.484838848571194
0.03418493416253665,66000.0,put,385.0074375,565.5015752613326,0.48585079475245224,0.5492106062373648,-0.14192416030647492,3.016718329692328e-05,30.459870819670336,-68.53901700946686
0.03418493416253665,67000.0,call,6875.1328125,6909.497241746911,0.5214078329924938,0.5314725879312912,0.8292269146235052,3.521814387510334e-05,34.411350115939584,-65.90482036306695
0.03418493416253665,67000.0,put,495.0095625,689.3345473456011,0.4720724013333286,0.5314725879312912,-0.17077308537649483,3.521814387510334e-05,34.411350115939584,-75.09618304155195
0.03418493416253665,68000.0,call,6031.7831875,6058.729284589135,0.5069257403732698,0.5139520180348626,0.7951259329106721,4.0756974104302484e-05,38.510476167745665,-72.15702828324044
0.03418493416253665,68000.0,put,641.6790625000001,840.2768484803473,0.4605647313340102,0.5139520180348626,-0.20487406708932787,4.0756974104302484e-05,38.510476167745665,-81.48557547931476
0.03418493416253665,69000.0,call,5188.4335625,5241.187972087704,0.48435984430861706,0.4968049884982551,0.7551011590391713,4.6657778620481e-05,42.61518573268859,-77.97258841561538
0.03418493416253665,69000.0,put,806.68225,1024.4457942714216,0.44445000811913354,0.4968049884982551,-0.2448988409608287,4.6657778620481e-05,42.61518573268859,-87.43832012927902
0.03418493416253665,70000.0,call,4418.4186875,4464.293009213674,0.4703644855092816,0.4802523143330959,0.708591999888234,5.268647857839454e-05,46.518212504247096,-83.01789528520128
0.03418493416253665,70000.0,put,1026.6865,1249.2610896898987,0.43172160791770187,0.4802523143330959,-0.29140800011176604,5.268647857839454e-05,46.518212504247096,-92.62081151645425
0.03418493416253665,71000.0,call,3740.07225,3736.803468366117,0.4652501717944599,0.4645956802310253,0.6553160339041819,5.846742847625665e-05,49.93942526716773,-86.90418683368394
0.03418493416253665,71000.0,put,1320.0255000000002,1523.4818071348782,0.4236069265596377,0.4645956802310253,-0.3446839660958181,5.846742847625665e-05,49.93942526716773,-96.64428758252623
0.03418493416253665,72000.0,call,3043.3921250000003,3068.540969141737,0.4454377374360778,0.45022581833490655,0.5955147385207087,6.346894433108797e-05,52.53467505865826,-89.21982032730882
0.03418493416253665,72000.0,put,1668.3655625,1856.9295662030054,0.41427257295103387,0.45022581833490655,-0.4044852614792913,6.346894433108797e-05,52.53467505865826,-99.09710559374045
0.03418493416253665,73000.0,call,2456.714125,2469.530757718516,0.43523147467730056,0.43760769426152984,0.530243209429664,6.70420986844763e-05,53.937017718439826,-89.59611435505704
0.03418493416253665,73000.0,put,2090.040375,2259.6296130722985,0.40616588469647236,0.43760769426152984,-0.46975679057033604,6.70420986844763e-05,53.937017718439826,-99.610584139078
0.03418493416253665,74000.0,call,1943.3708749999998,1948.354940664416,0.42629850738067254,0.4272242175585736,0.46157664681042543,6.85498418152935e-05,53.84144406320914,-87.8064977037632
0.03418493416253665,74000.0,put,2603.3836250000004,2740.1640543107205,0.4018062160401891,0.4272242175585736,-0.5384233531895746,6.85498418152935e-05,53.84144406320914,-97.95815200537349
0.03418493416253665,75000.0,call,1540.02975,1509.9291225535962,0.4252455207893675,0.4194737050591791,0.39251749589024715,6.758065412403609e-05,52.11725248379766,-83.8695974266918
0.03418493416253665,75000.0,put,3135.0605625,3303.4484944924407,0.38703451041240705,0.4194737050591791,-0.6074825041097529,6.758065412403609e-05,52.11725248379766,-94.15843624589141
0.03418493416253665,76000.0,call,1173.356,1153.6305832788094,0.418584334536562,0.4145542701071647,0.3264554358194759,6.41480517657236e-05,48.88991062799272,-78.09559550565702
0.03418493416253665,76000.0,put,3813.407,3948.860213510161,0.3866107093443884,0.4145542701071647,-0.6735445641805241,6.41480517657236e-05,48.88991062799272,-88.52161884244596
0.03418493416253665,77000.0,call,880.017,872.9987442694037,0.4139758669002612,0.4124009490013925,0.2663441158423387,5.872679760103613e-05,44.52565886588467,-71.02674403010624
0.03418493416253665,78000.0,call,660.0127500000001,657.3651835633045,0.4133874732314451,0.41271784082379626,0.21404445022938073,5.207875448934963e-05,39.515566405052354,-63.293078610057165
0.03418493416253665,78000.0,put,5280.102000000001,5456.015330379683,0.36622793979200147,0.41271784082379626,-0.7859555497706192,5.207875448934963e-05,39.515566405052354,-73.99347098202476
0.03418493416253665,79000.0,call,495.0095625,494.43539051262815,0.41524617953272175,0.4150789752924536,0.17016450537282052,4.499079837104835e-05,34.332767715047154,-55.4647408113048
0.03418493416253665,80000.0,call,377.6739625,372.48561110479386,0.42079773940626486,0.4190341725195854,0.1343319368325699,3.8083914512636274e-05,29.339006440516382,-47.96674545323168
0.03418493416253665,80000.0,put,6948.4675625,7174.5562745062125,0.32705087217762413,0.4190341725195854,-0.8656680631674301,3.8083914512636274e-05,29.339006440516382,-58.941506860377935
0.03418493416253665,81000.0,call,282.3387875,281.550133648414,0.4244962989433935,0.42417797454235273,0.10561657465281771,3.174998364328439e-05,24.759735407238146,-41.063717319912456
0.03418493416253665,82000.0,call,198.003825,213.73110797180652,0.42243910056155043,0.4301776145361423,0.08288650519528717,2.617866809981331e-05,20.7037842543888,-34.88627982303543
0.03418493416253665,82000.0,put,8800.17,9019.222287958255,0.00010000000000000002,0.4301776145361423,-0.9171134948047128,2.617866809981331e-05,20.7037842543888,-46.13541026536035
0.03418493416253665,83000.0,call,146.6695,163.02160048768656,0.4270013003620769,0.43677450050204825,0.06502937181619842,2.1417405252321143e-05,17.19802236811976,-29.470031482607155
0.03418493416253665,84000.0,call,117.33559999999999,124.95465403545813,0.43832168847787667,0.4437738814421116,0.05105902634758141,1.742895525632434e-05,14.219603032823201,-24.790983519303474
0.03418493416253665,84000.0,put,10725.2071875,10933.866350606957,0.00010000000000000002,0.4437738814421116,-0.9489409736524186,1.742895525632434e-05,14.219603032823201,-36.314482996807044
0.03418493416253665,86000.0,put,12668.5780625,12886.815692726144,0.00010000000000000002,0.45844190051781314,-0.9683662393929137,1.1437469708644656e-05,9.639813695731885,-29.199417330055145
0.03418493416253665,110000.0,put,36814.0445,36853.81619882381,0.00010000000000000002,0.6155519816402487,-0.9997846937923603,9.727429486335449e-08,0.11008222639082031,-15.359728593793097
0.05336301635431748,60000.0,put,198.003825,362.7133708213678,0.5388750277351494,0.6192094417141712,-0.07318868899122066,1.3244886133127846e-05,23.536712399815034,-38.34304113780359
0.05336301635431748,64000.0,put,421.6748125,699.8295224956601,0.47827924914134656,0.5599649722084661,-0.13724554223026453,2.3147794800962997e-05,37.198933330543106,-55.219826272918176
0.05336301635431748,65000.0,put,531.6769375,822.9450266692365,0.46957675429135104,0.54536888207468,-0.15973629917095722,2.630716956391601e-05,41.17413460556586,-59.67904111646886
0.05336301635431748,66000.0,put,660.0127500000001,967.1330473657254,0.45942273864966493,0.5309443373358315,-0.185465199080745,2.9723153130492363e-05,45.29016198689501,-64.09415874053114
0.05336301635431748,68000.0,put,1008.3528125,1333.8730429414536,0.4405086210074128,0.5029142090084743,-0.2479420623571249,3.713536034626e-05,53.59713190844067,-72.36307557717558
0.05336301635431748,69000.0,put,1246.69075,1565.5465494499877,0.4331679989082288,0.48952253537773094,-0.2852300311038699,4.095479746212395e-05,57.535709615415215,-75.95146012735536
0.05336301635431748,70000.0,call,4950.095625,4949.609015568312,0.4768191375443237,0.47673950316914887,0.6732629660765662,4.466149822060428e-05,61.10467368661665,-67.569079047623
0.05336301635431748,70000.0,put,1503.3623750000002,1836.557570369514,0.4216659629971997,0.47673950316914887,-0.3267370339234338,4.466149822060428e-05,61.10467368661665,-78.96937410162886
0.05336301635431748,71000.0,call,4290.082875,4262.794535283123,0.46900777507500824,0.46475162294145367,0.627634117495154,4.805505682592729e-05,64.09438901694688,-69.68727706126077
0.05336301635431748,71000.0,put,1833.36875,2152.9102122957775,0.41468142947338843,0.46475162294145367,-0.37236588250484604,4.805505682592729e-05,64.09438901694688,-81.25043347318099
0.05336301635431748,72000.0,call,3593.40275,3627.5172813394674,0.4486276165940405,0.4537753161602054,0.5782730040866555,5.089452185263024e-05,66.27838361818198,-70.90991019930344
0.05336301635431748,72000.0,put,2200.0425,2520.8000805635565,0.40532576985044966,0.4537753161602054,-0.4217269959133445,5.089452185263024e-05,66.27838361818198,-82.63592796913804
0.05336301635431748,73000.0,call,3043.3921250000003,3049.626133429476,0.44311953644977364,0.4440439056203763,0.5259382186752528,5.292183748993887e-05,67.44050761292152,-71.10815490092793
0.05336301635431748,73000.0,put,2640.051,2946.0760548650214,0.39867226678976825,0.4440439056203763,-0.4740617813247472,5.292183748993887e-05,67.44050761292152,-82.9970340286769
0.05336301635431748,74000.0,call,2530.0488750000004,2533.855323232543,0.4352183508956121,0.43578299040056473,0.471784963005488,5.390410147460861e-05,67.41430905912136,-70.20968122168803
0.05336301635431748,74000.0,put,3116.726875,3433.472366879527,0.3887625863041704,0.43578299040056473,-0.528215036994512,5.390410147460861e-05,67.41430905912136,-82.26142170735135
0.05336301635431748,75000.0,call,2053.373,2082.956355495029,0.4247009028837907,0.42917620096468584,0.4173007354434184,5.36879761785811e-05,66.1260629173316,-68.22251068874952
0.05336301635431748,75000.0,put,3666.7375,3985.740521353473,0.3807358694560149,0.42917620096468584,-0.5826992645565816,5.36879761785811e-05,66.1260629173316,-80.43711253232722
0.05336301635431748,76000.0,call,1686.69925,1697.0016378556647,0.42271045738052737,0.42433017497632397,0.36413074747822194,5.224725263090299e-05,63.624938660343375,-65.24583329243876
0.05336301635431748,76000.0,put,4235.0818125,4602.952925925536,0.3657907260722414,0.42433017497632397,-0.6358692525217781,5.224725263090299e-05,63.624938660343375,-77.62329649393082
0.05336301635431748,78000.0,call,1063.353875,1106.1303021633503,0.4121476117223528,0.4198502890211671,0.2676254629395136,4.628192379501211e-05,55.765533474844716,-57.09644100917553
0.05336301635431748,80000.0,call,660.0127500000001,714.049885602979,0.40945893731403304,0.42135670245320395,0.19009241159087376,3.8028058989395483e-05,45.984775149065946,-47.59216569498515
0.05336301635431748,85000.0,call,183.336875,245.87435922521945,0.4129445133145428,0.44062083829153814,0.07629418429511768,1.9212864851525378e-05,24.295014466511248,-26.61172355361039
0.13007534512144076,40000.0,call,33513.98075,33345.49068850763,0.9230719927182505,0.7678684383291318,0.9898649711410404,1.3277649661172374e-06,7.132185677532578,-4.4111526435935655
0.13007534512144076,40000.0,put,66.00127499999999,76.43029645115189,0.7525272751386951,0.7678684383291318,-0.01013502885895956,1.3277649661172374e-06,7.132185677532578,-5.7958825926415205
0.13007534512144076,45000.0,call,28655.553562499997,28422.143516912045,0.8397841310841564,0.7099336759133811,0.9787701554495295,2.7122918296919355e-06,13.470037715779933,-8.572472294171435
0.13007534512144076,45000.0,put,117.33559999999999,161.29432584850633,0.6740794700957233,0.7099336759133811,-0.0212298445504705,2.7122918296919355e-06,13.470037715779933,-10.130293486850386
0.13007534512144076,48000.0,call,25667.1625,25500.33269568778,0.7519032219688355,0.6764193946449439,0.9680287345931181,4.008904005155567e-06,18.969519351259866,-11.94088998599919
0.13007534512144076,48000.0,put,165.0031875,244.4102252200014,0.6297740532195375,0.6764193946449439,-0.03197126540688189,4.008904005155567e-06,18.969519351259866,-13.602565924856735
0.13007534512144076,50000.0,call,23723.791625,23571.468014438302,0.7127661867060614,0.6545186240513323,0.9585060554411258,5.128237361019508e-06,23.48035969286348,-14.57013414136054
0.13007534512144076,50000.0,put,209.0040375,318.8300243677195,0.6022886790735644,0.6545186240513323,-0.04149394455887423,5.128237361019508e-06,23.48035969286348,-16.301046577670483
0.13007534512144076,52000.0,call,21798.7544375,21661.98108378493,0.6771657438549954,0.6329458514919143,0.9466244046339697,6.489194426532144e-06,28.73240389157791,-17.501684072822393
0.13007534512144076,52000.0,put,260.3383625,412.6275741115087,0.5735913895323056,0.6329458514919143,-0.053375595366030315,6.489194426532144e-06,28.73240389157791,-19.30183300658473
0.13007534512144076,54000.0,call,19855.3835625,19776.324181404794,0.6336957373894431,0.6116926967812619,0.9319066604282967,8.124346329622123e-06,34.76452839787354,-20.716564840595066
0.13007534512144076,54000.0,put,333.6731125,530.2551521285568,0.5488037008885499,0.6116926967812619,-0.06809333957170327,8.124346329622123e-06,34.76452839787354,-22.585950271809807
0.13007534512144076,56000.0,put,440.0085,677.1416814909553,0.5282921991098621,0.5907660090557901,-0.08619579072201056,1.0063620623656166e-05,41.58956464599087,-26.116970666025164
0.13007534512144076,57000.0,put,513.3432499999999,763.5752015679927,0.5205560310809986,0.5804324481021541,-0.09670749566408021,1.1154900670771146e-05,45.29309610950912,-27.957860007356754
0.13007534512144076,58000.0,call,16078.6439375,16099.418603855564,0.5659479759832047,0.5701923019730528,0.8916966353930489,1.2329921578388058e-05,49.18087854869493,-27.8288337668177
0.13007534512144076,58000.0,put,586.678,859.9185353736666,0.5103904837747262,0.5701923019730528,-0.10830336460695111,1.2329921578388058e-05,49.18087854869493,-29.836692192937235
0.13007534512144076,59000.0,put,660.0127500000001,967.23369472593,0.4982002698150092,0.560053008867088,-0.12107085009575824,1.3589340955518535e-05,53.240502823233015,-31.742010124662887
0.13007534512144076,60000.0,put,770.014875,1086.694968792126,0.491573668334375,0.55002417187266,-0.13510008972000287,1.493236041025493e-05,57.454606938532905,-33.660395946473855
0.13007534512144076,61000.0,put,880.017,1219.5998841823457,0.48225552193574783,0.5401179041161174,-0.150482632714807,1.6356323362367255e-05,61.80005763552264,-35.576332580724205
0.13007534512144076,62000.0,call,12540.24225,12600.311344448804,0.5212223889410059,0.5303492202742803,0.8326903686520679,1.785624632646694e-05,66.24707711263576,-35.32575731082553
0.13007534512144076,62000.0,put,1008.3528125,1367.3802367612589,0.4736972160702224,0.5303492202742803,-0.1673096313479321,1.785624632646694e-05,66.24707711263576,-37.47208873184986
0.13007534512144076,63000.0,call,11696.892625,11762.901408926708,0.5113535557868769,0.5207364701334726,0.8143306484870596,1.9424286218065408e-05,70.75834755309447,-37.14669412998616
0.13007534512144076,63000.0,put,1173.356,1531.612541437753,0.46829253952204725,0.5207364701334726,-0.1856693515129404,1.9424286218065408e-05,70.75834755309447,-39.32764379973669
0.13007534512144076,64000.0,call,10853.543,10943.67350981634,0.4992545773959022,0.5113018025196284,0.7943561618893002,2.1049155544673913e-05,75.28814894988079,-38.90510725140934
0.13007534512144076,64000.0,put,1338.3591875,1714.0268825259627,0.459928927946188,0.5113018025196284,-0.20564383811069975,2.1049155544673913e-05,75.28814894988079,-41.12067516988606
0.13007534512144076,65000.0,call,10065.194437499998,10144.517042696338,0.49208634353692765,0.502071636634707,0.7726954360183386,2.271551194882665e-05,79.78161717280929,-40.57645141370641
0.13007534512144076,65000.0,put,1540.02975,1916.5126556045543,0.453809035278024,0.502071636634707,-0.22730456398166143,2.271551194882665e-05,79.78161717280929,-42.826637580909335
0.13007534512144076,66000.0,call,9276.845875,9367.481208885227,0.4822693364537977,0.49307710152826256,0.7492930908283912,2.440336989511744e-05,84.17425003500117,-42.134167830283275
0.13007534512144076,66000.0,put,1760.034,2141.1190619920417,0.44702209984012736,0.49307710152826256,-0.25070690917160876,2.440336989511744e-05,84.17425003500117,-44.4189722462124
0.13007534512144076,67000.0,call,8506.831,8614.767377073345,0.47210353343602346,0.48435438241826084,0.7241166208359958,2.6087611109116984e-05,88.39183783425237,-43.550068269022425
0.13007534512144076,67000.0,put,2016.705625,2390.0474703787404,0.44160192432657586,0.48435438241826084,-0.2758833791640042,2.6087611109116984e-05,88.39183783425237,-45.869490933677746
0.13007534512144076,68000.0,call,7828.4845625,7888.7096472388075,0.4694154856210257,0.4759448853447,0.697164398687647,2.773770562480839e-05,92.35104569364438,-44.79494403183889
0.13007534512144076,68000.0,put,2291.7109375,2665.6319807427935,0.43511535331687634,0.4759448853447,-0.302835601312353,2.773770562480839e-05,92.35104569364438,-47.14898494522041
0.13007534512144076,69000.0,call,7131.8044375,7191.73932814195,0.46164441669491224,0.4678951021464693,0.6684746349504849,2.9317792264889033e-05,95.96091509805294,-45.83944783206263
0.13007534512144076,69000.0,put,2603.3836250000004,2970.3039018445306,0.42945800824799746,0.4678951021464693,-0.33152536504951513,2.9317792264889033e-05,95.96091509805294,-48.22810699417036
0.13007534512144076,70000.0,call,6471.7916875,6526.328905668604,0.4547519905108287,0.46025603306484103,0.638134688003158,3.078729546427397e-05,99.12555867935751,-46.65528240526482
0.13007534512144076,70000.0,put,2970.0573750000003,3306.5357195697834,0.42622057471657854,0.46025603306484103,-0.361865311996842,3.078729546427397e-05,99.12555867935751,-49.07855981609874
0.13007534512144076,71000.0,call,5866.78,5894.9119244160975,0.4503169177995754,0.4530820169787719,0.6062896733953816,3.2102256509370356e-05,101.74826308553804,-47.216696923365724
0.13007534512144076,71000.0,put,3355.0648125,3676.7609785158347,0.42143039010682587,0.4530820169787719,-0.39371032660461835,3.2102256509370356e-05,101.74826308553804,-49.67459258292585
0.13007534512144076,72000.0,call,5261.768312499999,5299.777593785417,0.4427647782571609,0.44642884710039776,0.5731488410231969,3.3217507465918256e-05,103.73705380172181,-47.502236104226945
0.13007534512144076,72000.0,put,3776.7396249999997,4083.2688880837413,0.41687506412797243,0.44642884710039776,-0.42685115897680315,3.3217507465918256e-05,103.73705380172181,-49.994750012513265
0.13007534512144076,73000.0,call,4730.091375,4742.943266389448,0.43912728575331855,0.4403511313417767,0.5389878209993874,3.4089692960872005e-05,105.01149093572961,-47.49660856920296
0.13007534512144076,73000.0,put,4253.4155,4528.076800886389,0.4142002927674766,0.4403511313417767,-0.46101217900061264,3.4089692960872005e-05,105.01149093572961,-50.02374072621548
0.13007534512144076,74000.0,call,4235.0818125000005,4226.014055812542,0.43575842250423635,0.434899000276723,0.5041448136645524,3.4680943749915524e-05,105.51007577349559,-47.19245338092988
0.13007534512144076,74000.0,put,4730.091375,5012.78983050806,0.4081063978807565,0.434899000276723,-0.49585518633544756,3.4680943749915524e-05,105.51007577349559,-49.75420378666859
0.13007534512144076,75000.0,call,3776.7396249999997,3750.045586964774,0.43265184431200115,0.4301144561173639,0.4690093545004125,3.496275927161594e-05,105.19724295639787,-46.59171446488076
0.13007534512144076,75000.0,put,5280.102,5538.463601858879,0.40554091129249176,0.4301144561173639,-0.5309906454995875,3.496275927161594e-05,105.19724295639787,-49.18808311934568
0.13007534512144076,76000.0,call,3336.731125,3315.4309024732574,0.42807433040602405,0.4260278430175636,0.43400352615380805,3.491944430454102e-05,104.06865115405593,-45.706319383978744
0.13007534512144076,76000.0,put,5866.78,6105.49115756595,0.4030549508123852,0.4260278430175636,-0.565996473846192,3.491944430454102e-05,104.06865115405593,-48.33730628716985
0.13007534512144076,77000.0,call,2970.0573750000003,2921.8330921038105,0.42737309327549167,0.4226550244402584,0.3995572270069156,3.455037585781215e-05,102.15354227948363,-44.5579327515631
0.13007534512144076,77000.0,put,6453.458,6713.53558739509,0.397110275498683,0.4226550244402584,-0.6004427729930844,3.455037585781215e-05,102.15354227948363,-47.22353790348041
0.13007534512144076,78000.0,call,2603.3836250000004,2568.1794452062604,0.42353094404842023,0.41999580543466725,0.3660808041048912,3.3870532177066554e-05,99.51340622775069,-43.17671694197606
0.13007534512144076,78000.0,put,7058.4696875,7361.524180696128,0.3893384756865554,0.41999580543466725,-0.6339191958951088,3.3870532177066554e-05,99.51340622775069,-45.87694034261957
0.13007534512144076,79000.0,call,2273.37725,2252.721522269665,0.4201788954260185,0.4180339177897237,0.33393932381362945,3.290908652621821e-05,96.23697563615528,-41.599242044311836
0.13007534512144076,79000.0,put,7681.815062500001,8047.70849795812,0.3795308441712943,0.4180339177897237,-0.6660606761863705,3.290908652621821e-05,96.23697563615528,-44.33408369368155
0.13007534512144076,80000.0,call,1998.3719375,1973.152008467121,0.41946399698471454,0.416738555486854,0.30343250713068226,3.170633198826749e-05,92.4324156588607,-39.86587047434343
0.13007534512144076,81000.0,call,1741.7003125,1726.758357318202,0.417759340228388,0.41606712542228236,0.274782948011034,3.0309580187640177e-05,88.21814915819074,-38.01803189191135
0.13007534512144076,82000.0,call,1503.3623750000002,1510.588617183872,0.41510496239562816,0.41596867711301133,0.2481332352141693,2.8768829927535234e-05,83.7138751961862,-36.09577565727701
0.13007534512144076,83000.0,call,1320.0255000000002,1321.6070442230593,0.41618729910148194,0.4163874442283227,0.22355077036178622,2.713290875025785e-05,79.03302374100926,-34.13586757325774
0.13007534512144076,84000.0,call,1136.688625,1156.8239767418672,0.41454784085478236,0.4172660424636674,0.20103795895040394,2.5446535569670067e-05,74.27733696376097,-32.17054214428717
0.13007534512144076,84000.0,put,11586.8905,11960.022153423262,0.3639213438651636,0.4172660424636674,-0.7989620410495961,2.5446535569670067e-05,74.27733696376097,-35.07847503728787
0.13007534512144076,85000.0,call,990.019125,1013.3927201208589,0.4151732757330155,0.41854804976704907,0.18054517756592037,2.3748460220300854e-05,69.53370930643705,-30.22688534136321
0.13007534512144076,85000.0,put,12430.240124999998,12818.233137000854,0.3580473866637016,0.41854804976704907,-0.8194548224340796,2.3748460220300854e-05,69.53370930643705,-33.16943648309012
0.13007534512144076,86000.0,call,843.349625,888.6732235650452,0.41312620410236234,0.4201798738428777,0.16198428529416325,2.207060296993406e-05,64.87301211013511,-28.326735735043506
0.13007534512144076,88000.0,call,623.345375,686.0287487347905,0.41288307971705707,0.42429934144952736,0.13018610792339497,1.8869192050250284e-05,56.00673827221606,-24.71993902412729
0.13007534512144076,88000.0,put,15986.9755,15495.795886210544,0.5025740519084034,0.42429934144952736,-0.869813892076605,1.8869192050250284e-05,56.00673827221606,-27.766344912032785
0.13007534512144076,90000.0,call,458.3421875,532.7137326065849,0.41323772321875396,0.42928460885287034,0.10459366468782072,1.597008350114541e-05,47.95866919404247,-21.43507571632152
0.13007534512144076,92000.0,call,355.6735375,416.281845767081,0.41944605277346086,0.43487050006727623,0.084131525660534,1.3425213634488403e-05,40.84094397672689,-18.50529657624007
0.13007534512144076,94000.0,call,271.338575,327.39107985036117,0.4238724551093309,0.4408571249423426,0.0678218218094611,1.123787045472453e-05,34.657441907915626,-15.93017542467428
0.13007534512144076,95000.0,call,242.004675,291.03169803638957,0.42780528230116277,0.4439528708391028,0.060957663612312106,1.0271461252163294e-05,31.899488502180233,-14.769853152601717
0.13007534512144076,96000.0,call,212.670775,259.1136072866393,0.43039280180245326,0.44709678579074835,0.05483082187329292,9.38429674931362e-06,29.350661835459785,-13.689778394886163
0.13007534512144076,98000.0,call,168.669925,206.33334885530803,0.4374149947184811,0.453481587836553,0.04447361302623328,7.828268796121417e-06,24.83361858117735,-11.754331825472226
0.13007534512144076,100000.0,call,132.00254999999999,165.26988333957343,0.4430089059162881,0.4599332499892972,0.03619971485227877,6.529917011357365e-06,21.00956630738493,-10.090358838760155
0.20678767388856406,20000.0,call,53479.36643749999,53368.23135726072,1.3172102773225518,0.9509898109983416,0.9993677137565105,6.962007356093376e-08,0.7362996961727662,-0.8263266228010419
0.20678767388856406,20000.0,put,40.334112499999996,6.032151853272573,1.1492452639920634,0.9509898109983416,-0.0006322862434895438,6.962007356093376e-08,0.7362996961727662,-0.4629022915780239
0.20678767388856406,30000.0,call,43579.1751875,43421.33002772249,1.0085910264815787,0.817069041844926,0.9952725199515793,5.048181778080949e-07,4.587098015962694,-3.0208449198472307
0.20678767388856406,30000.0,put,91.6684375,45.40621961130495,0.894830112743884,0.817069041844926,-0.004727480048420718,5.048181778080949e-07,4.587098015962694,-2.4757084230127044
0.20678767388856406,40000.0,call,33678.9839375,33587.24969409698,0.758053418251113,0.7082187476471865,0.979692599797365,2.0767587900482525e-06,16.356777871336657,-8.370081670304096
0.20678767388856406,40000.0,put,176.00340000000003,197.6012832820636,0.6945501675336576,0.7082187476471865,-0.020307400202634995,2.0767587900482525e-06,16.356777871336657,-7.6432330078580595
0.20678767388856406,45000.0,call,28912.2251875,28762.937516099395,0.7093838216089107,0.6593137072406592,0.9627390779751662,3.6992071000105663e-06,27.12345631336975,-12.607803941365958
0.20678767388856406,45000.0,put,275.0053125,366.4268039326121,0.6229376328254215,0.6593137072406592,-0.037260922024833776,3.6992071000105663e-06,27.12345631336975,-11.790099196114168
0.20678767388856406,50000.0,call,23998.796937500003,24047.309766678358,0.6013805391401437,0.6131359698897924,0.9354974710531504,6.164233820038811e-06,42.032011900632284,-17.882969650169926
0.20678767388856406,50000.0,put,476.675875,643.9367531597218,0.5704777037532464,0.6131359698897924,-0.0645025289468496,6.164233820038811e-06,42.032011900632284,-16.974408822112384
0.20678767388856406,55000.0,call,19378.7076875,19496.001577671443,0.5498673082960678,0.5694463513491342,0.8935831355664012,9.668580580011982e-06,61.22937342963752,-23.93516381392144
0.20678767388856406,55000.0,put,806.68225,1085.766262800943,0.5212231964559992,0.5694463513491342,-0.10641686443359877,9.668580580011982e-06,61.22937342963752,-22.935746903058142
0.20678767388856406,58000.0,put,1136.688625,1462.14590894323,0.49900507170568464,0.5444903728223006,-0.1407836621037717,1.2304485780065331e-05,74.50715038874029,-26.66004692186289
0.20678767388856406,60000.0,call,14996.956375000002,15190.213924880343,0.5050317255912711,0.5284556250017534,0.8317242833283822,1.4265557685760752e-05,83.83812535875408,-30.183086009718895
0.20678767388856406,60000.0,put,1430.027625,1773.1163086579745,0.48628962731643677,0.5284556250017534,-0.16827571667161778,1.4265557685760752e-05,83.83812535875408,-29.092813016049845
0.20678767388856406,62000.0,call,13401.9255625,13561.443316984114,0.4957331935095205,0.512981799169538,0.8001851232047572,1.6356222623475516e-05,93.31022766429682,-32.530094939210024
0.20678767388856406,62000.0,put,1796.701375,2141.600780220999,0.4752598510640973,0.512981799169538,-0.1998148767952428,1.6356222623475516e-05,93.31022766429682,-31.40347951241867
0.20678767388856406,64000.0,call,11843.562125,11999.589414639784,0.48287691677469424,0.4981646442912343,0.7643445342732094,1.852623377047479e-05,102.63708779636362,-34.67273675540596
0.20678767388856406,64000.0,put,2236.709875,2577.0019573359386,0.46458034991049885,0.4981646442912343,-0.23565546572679064,1.852623377047479e-05,102.63708779636362,-33.5097788954923
0.20678767388856406,65000.0,call,11073.54725,11246.99961243831,0.47477040644433144,0.49103996624524676,0.7447638684590627,1.9618908903529745e-05,107.13613414475441,-35.639372474498856
0.20678767388856406,65000.0,put,2493.3815,2823.0396948640955,0.45997056555412125,0.49103996624524676,-0.25523613154093727,1.9618908903529745e-05,107.13613414475441,-34.458243398024045
0.20678767388856406,66000.0,call,10340.199750000002,10515.153311800903,0.46837242409087454,0.48412833555751206,0.7240725135735693,2.0701714654826806e-05,111.45796255093802,-36.52059977789784
0.20678767388856406,66000.0,put,2768.3868125,3089.8209339562964,0.4550826884109541,0.48412833555751206,-0.2759274864264307,2.0701714654826806e-05,111.45796255093802,-35.32129948486188
0.20678767388856406,68000.0,call,9020.17425,9119.498311935575,0.46269500542957576,0.47102627491334603,0.679434663823322,2.278316094619314e-05,119.34476988741388,-37.97996419626326
0.20678767388856406,68000.0,put,3410.065875,3691.4210135502217,0.4473775732092071,0.47102627491334603,-0.32056533617667804,2.278316094619314e-05,119.34476988741388,-36.744321470105
0.20678767388856406,70000.0,call,7755.1498125,7824.315598758149,0.45353896295006757,0.4590372753199743,0.6307731549033915,2.464791247357396e-05,125.82657514060418,-38.961793222142354
0.20678767388856406,70000.0,put,4143.413375,4393.4933798320635,0.4391432001596825,0.4590372753199743,-0.3692268450966085,2.464791247357396e-05,125.82657514060418,-37.689808062861786
0.20678767388856406,72000.0,call,6600.1275,6640.695819931287,0.44524412888428805,0.44835428994059534,0.5787790149026474,2.615996377170342e-05,130.43758436155005,-39.393007125301516
0.20678767388856406,72000.0,put,5023.430375000001,5207.1286804644515,0.43427118918619506,0.44835428994059534,-0.4212209850973526,2.615996377170342e-05,130.43758436155005,-38.08467953289865
0.20678767388856406,74000.0,call,5610.108375,5577.802497131175,0.44159670363482784,0.43916376485876607,0.524523608456788,2.71887878043657e-05,132.7885487034092,-39.229762438944924
0.20678767388856406,74000.0,put,5995.1158125,6141.490437123597,0.428141787771965,0.43916376485876607,-0.475476391543212,2.71887878043657e-05,132.7885487034092,-37.88509241341976
0.20678767388856406,75000.0,call,5133.432500000001,5093.585622616414,0.43817286183014864,0.4351776856208966,0.49697720408828716,2.748899364769347e-05,133.03617160334457,-38.92256249364379
0.20678767388856406,75000.0,put,6526.79275,6655.901102338459,0.4254727257221498,0.4351776856208966,-0.5030227959117128,2.748899364769347e-05,133.03617160334457,-37.55972125155748
0.20678767388856406,76000.0,call,4693.424,4641.339663516959,0.43554312218641245,0.43161700523565466,0.4694115677604843,2.7635052198590958e-05,132.64873596597462,-38.469428795844195
0.20678767388856406,76000.0,put,7076.803375,7202.282682968638,0.4221552362607257,0.43161700523565466,-0.5305884322395157,2.7635052198590958e-05,132.64873596597462,-37.088416337196726
0.20678767388856406,78000.0,call,3905.0754374999997,3832.244206330128,0.4313989668319827,0.42580022507621096,0.41503482755809323,2.745557746582993e-05,130.0111945907044,-37.15647828307372
0.20678767388856406,78000.0,put,8268.4930625,8390.442305241064,0.4164110248175151,0.42580022507621096,-0.5849651724419067,2.745557746582993e-05,130.0111945907044,-35.73912339130395
0.20678767388856406,80000.0,call,3226.729,3146.1301532203543,0.4281469694132884,0.4217139387251226,0.3629514262956295,2.6676636712935577e-05,125.11037040615298,-35.37841364568698
0.20678767388856406,80000.0,put,9551.8511875,9701.58333159054,0.4097125148920931,0.4217139387251226,-0.6370485737043705,2.6676636712935577e-05,125.11037040615298,-33.924716320794914
0.20678767388856406,82000.0,call,2640.051,2573.7947211675237,0.424855653640572,0.4192706185903022,0.3144590353879499,2.53882595918537e-05,118.37817465986414,-33.25178195577391
0.20678767388856406,82000.0,put,10853.543,11126.502978996963,0.395990445113034,0.4192706185903022,-0.68554096461205,2.53882595918537e-05,118.37817465986414,-31.761742197759535
0.20678767388856406,84000.0,call,2163.375125,2102.635584636675,0.4237981683098351,0.41831157508107625,0.2704424001320181,2.372172029181477e-05,110.35457496060516,-30.902990549113554
0.20678767388856406,84000.0,put,12466.9075,12652.59892192536,0.40130927150200013,0.41831157508107625,-0.729557599867982,2.372172029181477e-05,110.35457496060516,-29.376608357976874
0.20678767388856406,85000.0,call,1943.3708749999998,1900.574334929548,0.4223515534587105,0.4183265466702256,0.2502642740713211,2.2791751525208092e-05,106.03211068251716,-29.68299439610554
0.20678767388856406,85000.0,put,13255.256062499999,13449.165211947868,0.3997907402590385,0.4183265466702256,-0.7497357259286789,2.2791751525208092e-05,106.03211068251716,-28.13844098840771
0.20678767388856406,86000.0,call,1760.034,1718.4514377867508,0.4227152037737212,0.4186353852184236,0.2313343736399971,2.1820570324446874e-05,101.58891254885499,-28.450532888699353
0.20678767388856406,86000.0,put,13236.922375,14265.669854534695,0.30388041359489126,0.4186353852184236,-0.7686656263600029,2.1820570324446874e-05,101.58891254885499,-26.887808264440377
0.20678767388856406,88000.0,call,1430.027625,1407.0597904140668,0.4225019659764568,0.4200271346493786,0.19717469534386178,1.981630623454639e-05,92.56447286903007,-25.99325763577449
0.20678767388856406,88000.0,put,14905.2879375,15951.53328662127,0.28066052001562514,0.4200271346493786,-0.8028253046561382,1.981630623454639e-05,92.56447286903007,-24.394190578393214
0.20678767388856406,90000.0,call,1155.0223125,1155.4083554468452,0.42223470165526467,0.4222808489726371,0.1677191678754651,1.781434690311039e-05,83.65955896584508,-23.605670319039692
0.20678767388856406,90000.0,put,17435.3368125,17697.136931113288,0.3894988211780767,0.4222808489726371,-0.832280832124535,1.781434690311039e-05,83.65955896584508,-21.970260828536112
0.20678767388856406,95000.0,call,678.3464375,717.6388379391119,0.42427403283785137,0.4305478578042405,0.11177303885485373,1.3247115660363574e-05,63.42887964366471,-18.2270261043721
0.20678767388856406,95000.0,put,21963.757625,22252.505112253704,0.3795762422334128,0.4305478578042405,-0.8882269611451463,1.3247115660363574e-05,63.42887964366471,-16.500760531062767
0.20678767388856406,100000.0,call,421.6748125,457.49554220422306,0.4332466455798361,0.4409946728100706,0.07501802489000538,9.627213943156181e-06,47.21480995521724,-13.884950108699536
0.20678767388856406,100000.0,put,26675.5153125,26985.499515166957,0.3550455272202429,0.4409946728100706,-0.9249819751099946,9.627213943156181e-06,47.21480995521724,-12.067828452584447
0.20678767388856406,105000.0,call,264.00509999999997,299.25489015146013,0.44192155382071624,0.4523739240099738,0.0509968569519719,6.944955155249415e-06,34.93906578472687,-10.532959047096481
0.20678767388856406,110000.0,call,172.3366625,200.45299213015824,0.45263597073528616,0.4640065354957608,0.03518539511109256,5.0153093137559645e-06,25.88010893143881,-7.998350263758852
0.20678767388856406,115000.0,call,117.33559999999999,137.1828562299438,0.46470493868778334,0.47553385284492533,0.02464715772186042,3.641805738886056e-06,19.259388548683656,-6.097427248978932
0.4561027423817147,30000.0,call,43982.5163125,43931.35828379259,0.7384916271642722,0.7155502102042366,0.9827646693995964,1.203701593724781e-06,21.127166954908585,-6.440265521452333
0.4561027423817147,30000.0,put,253.0048875,261.3020320498115,0.7115851034056109,0.7155502102042366,-0.01723533060040361,1.203701593724781e-06,21.127166954908585,-4.437439966858846
0.4561027423817147,35000.0,call,39215.7575625,39187.51912943699,0.6813437740062785,0.6731241664167504,0.9698879393164253,2.047307140541989e-06,33.803408918137144,-8.990298298181775
0.4561027423817147,35000.0,put,421.6748125,461.5785024037532,0.6610279287303403,0.6731241664167504,-0.03011206068357475,2.047307140541989e-06,33.803408918137144,-6.653668484489374
0.4561027423817147,40000.0,call,34485.6661875,34543.299945012724,0.6230100490151715,0.6346968850252418,0.9510036182606829,3.228290563071681e-06,50.2598627841908,-11.957238067011364
0.4561027423817147,40000.0,put,641.6790625000001,761.4749426890148,0.609862643484398,0.6346968850252418,-0.048996381739317085,3.228290563071681e-06,50.2598627841908,-9.286803994220048
0.4561027423817147,45000.0,call,29938.9116875,30030.857757788755,0.5862568010164708,0.5995326832762278,0.9245518502072825,4.78900274540355e-06,70.42717441904631,-15.231532433623752
0.4561027423817147,45000.0,put,971.6854374999999,1193.1483801745808,0.5667166780272176,0.5995326832762278,-0.07544814979271752,4.78900274540355e-06,70.42717441904631,-12.22729410173352
0.4561027423817147,50000.0,call,25465.4919375,25689.838932262413,0.5427544771585673,0.5672301315217798,0.8889001412442394,6.741193507534515e-06,93.79472224475423,-18.645781318810624
0.4561027423817147,50000.0,put,1503.3623750000002,1796.2451793577766,0.5350313064243523,0.5672301315217798,-0.11109985875576056,6.741193507534515e-06,93.79472224475423,-15.307738727821476
0.4561027423817147,55000.0,call,21322.078562499995,21568.787894428344,0.5166908781791018,0.5376500054820482,0.8425144096930067,9.042998877056036e-06,119.25990157482875,-21.973139218446416
0.4561027423817147,55000.0,put,2273.37725,2619.3097662332493,0.5080940329163056,0.5376500054820482,-0.15748559030699327,9.042998877056036e-06,119.25990157482875,-18.301292368358357
0.4561027423817147,56000.0,call,20515.3963125,20775.930834420134,0.5108784907617953,0.5320651542929821,0.831838806589156,9.536153548918795e-06,124.45729790055451,-22.604318992125524
0.4561027423817147,56000.0,put,2475.0478125,2815.2758311669477,0.5042884413611257,0.5320651542929821,-0.168161193410844,9.536153548918795e-06,124.45729790055451,-18.86571129021768
0.4561027423817147,58000.0,call,18975.366562500003,19225.576065510235,0.5025213641969222,0.5212394180488391,0.8090370835780896,1.0544449885848536e-05,134.81663823552043,-23.813183127770714
0.4561027423817147,58000.0,put,2896.722625,3242.5673121408563,0.49527681034977844,0.5212394180488391,-0.19096291642191043,1.0544449885848536e-05,134.81663823552043,-19.941053722223305
0.4561027423817147,60000.0,call,17490.337874999997,17725.929032892156,0.49454641891578294,0.5108888572976825,0.7842858827131085,1.1570007639803291e-05,144.99144946146203,-24.934010883567332
0.4561027423817147,60000.0,put,3373.3985,3720.5665294065966,0.48673668943099513,0.5108888572976825,-0.2157141172868915,1.1570007639803291e-05,144.99144946146203,-20.928359774380358
0.4561027423817147,62000.0,call,16060.31025,16281.399154419349,0.4867026404285211,0.5010379539336699,0.7575980578351141,1.2595697189847423e-05,154.80149536954116,-25.946662645394756
0.4561027423817147,62000.0,put,3923.409125,4253.682900817606,0.47958154679389403,0.5010379539336699,-0.24240194216488586,1.2595697189847423e-05,154.80149536954116,-21.807489832568216
0.4561027423817147,64000.0,call,14721.951062499998,14896.475342749734,0.4810575063662358,0.49171591203333775,0.7290296464785323,1.3601465581832569e-05,164.05228520606968,-26.831484699106486
0.4561027423817147,64000.0,put,4565.0881875,4846.405339031808,0.474514786258258,0.49171591203333775,-0.2709703535214677,1.3601465581832569e-05,164.05228520606968,-22.558790182640376
0.4561027423817147,65000.0,call,14080.272,14227.762662447181,0.4784945213247973,0.48726340434372273,0.7140714878421349,1.4089905040986582e-05,168.40468774993602,-27.22014253325944
0.4561027423817147,65000.0,put,4895.0945625,5166.515783671159,0.4711089423848115,0.48726340434372273,-0.2859285121578651,1.4089905040986582e-05,168.40468774993602,-22.88068716497355
0.4561027423817147,66000.0,call,13456.926625,13575.610837208143,0.47607202603135473,0.482955697106765,0.6986876970389913,1.4564737408725451e-05,172.54098287488455,-27.570100623194907
0.4561027423817147,66000.0,put,5261.768312499999,5503.187083374036,0.4689423400111954,0.482955697106765,-0.30131230296100875,1.4564737408725451e-05,172.54098287488455,-23.163884403089234
0.4561027423817147,68000.0,call,12228.5695625,12323.070367752007,0.4695430514356416,0.4747926138738976,0.6667367972262395,1.5461171721514456e-05,180.06473784422516,-28.146334888953987
0.4561027423817147,68000.0,put,6031.7831875,6228.292863801707,0.4638731294382309,0.4747926138738976,-0.33326320277376054,1.5461171721514456e-05,180.06473784422516,-23.606596965208748
0.4561027423817147,70000.0,call,11036.879874999999,11142.741205532788,0.4615837545079987,0.46726237100715934,0.6334029384857357,1.6265814282193574e-05,186.43134502261876,-28.547217071397114
0.4561027423817147,70000.0,put,6875.1328125,7025.609951466311,0.45919026775721644,0.46726237100715934,-0.3665970615142643,1.6265814282193574e-05,186.43134502261876,-23.87395744401231
0.4561027423817147,72000.0,call,9991.8596875,10037.916949874525,0.45799331903380486,0.46039865980381545,0.5989731936355628,1.6954621950125757e-05,191.47164844532057,-28.763976468818495
0.4561027423817147,72000.0,put,7791.8171875,7898.431945691853,0.4548309865671681,0.46039865980381545,-0.4010268063644372,1.6954621950125757e-05,191.47164844532057,-23.957195137794123
0.4561027423817147,74000.0,call,9001.8405625,9011.071954350875,0.45375711557021103,0.4542303870621574,0.5637898530907726,1.7506246224246394e-05,195.0525048466248,-28.792900776673157
0.4561027423817147,74000.0,put,8800.17,8849.23320005203,0.451715165976774,0.4542303870621574,-0.43621014690922744,1.7506246224246394e-05,195.0525048466248,-23.852597742009216
0.4561027423817147,75000.0,call,8543.498375,8527.388768743614,0.4522348785990627,0.4514140610260715,0.5460347894107347,1.7725134072811268e-05,196.26683843724496,-28.737297819535396
0.4561027423817147,75000.0,put,9331.8469375,9354.373139386662,0.45026635945275884,0.4514140610260715,-0.4539652105892653,1.7725134072811268e-05,196.26683843724496,-23.73023393305167
0.4561027423817147,76000.0,call,8085.1561875,8063.6529855805275,0.4498698952359759,0.44877883082590436,0.5282382902273587,1.790386396691885e-05,197.08857404084026,-28.635912776704885
0.4561027423817147,76000.0,put,9881.857562500001,9879.460481165494,0.44890045566851855,0.44877883082590436,-0.4717617097726413,1.790386396691885e-05,197.08857404084026,-23.56208803840138
0.4561027423817147,78000.0,call,7260.14025,7195.91976363842,0.4473058580975209,0.44405509213074906,0.49272890876283687,1.8136768629787402e-05,197.55093180252285,-28.30073092913538
0.4561027423817147,78000.0,put,11018.5461875,10989.373509107209,0.4455317950057679,0.44405509213074906,-0.5072710912371632,1.8136768629787402e-05,197.55093180252285,-23.093384487192314
0.4561027423817147,80000.0,call,6471.7916875,6406.864141539314,0.443362416246727,0.44005824840482266,0.45767485095510585,1.8201423658137916e-05,196.47072119776786,-27.800531760356236
0.4561027423817147,80000.0,put,12228.5695625,12177.964136891904,0.44263365185260284,0.44005824840482266,-0.5423251490448942,1.8201423658137916e-05,196.47072119776786,-22.459663614773596
0.4561027423817147,82000.0,call,5793.44525,5694.22732687425,0.44188775438510003,0.4367745404629979,0.4234683025918978,1.8101754959659738e-05,193.9368387690724,-27.15311775595032
0.4561027423817147,82000.0,put,13511.9276875,13442.973572110655,0.44032868576397355,0.4367745404629979,-0.5765316974081022,1.8101754959659738e-05,193.9368387690724,-21.678727906728124
0.4561027423817147,84000.0,call,5151.7661875,5054.617524293808,0.4392837658034736,0.4341777489327329,0.3904587648346427,1.7848610819195465e-05,190.08782338939076,-26.379691047204442
0.4561027423817147,84000.0,put,14776.952125000002,14781.010019414032,0.4339642658719463,0.4341777489327329,-0.6095412351653573,1.7848610819195465e-05,190.08782338939076,-20.771779494342674
0.4561027423817147,85000.0,call,4858.4271875,4760.876401309481,0.4383161789647793,0.43312569470082607,0.374496165831373,1.7669468339039164e-05,187.7239767524337,-25.95292381314098
0.4561027423817147,85000.0,put,15436.964875,15476.092021371602,0.43104041444801294,0.43312569470082607,-0.625503834168627,1.7669468339039164e-05,187.7239767524337,-20.278251408459425
0.4561027423817147,86000.0,call,4583.421875,4483.7116744379455,0.43760973801530967,0.43223068703662576,0.3589363154326115,1.745849785317046e-05,185.09930417182412,-25.503408800730636
0.4561027423817147,86000.0,put,16151.9786875,16187.750419441974,0.4302970917608674,0.43223068703662576,-0.6410636845673885,1.745849785317046e-05,185.09930417182412,-19.7619755442293
0.4561027423817147,88000.0,call,4051.7449375,3976.510645708302,0.4350800415297015,0.4308875305531809,0.32912175244002484,1.695184689348574e-05,179.16916205732764,-24.547925690398085
0.4561027423817147,88000.0,put,17618.673687500002,17658.195640596154,0.4286798409728813,0.4308875305531809,-0.6708782475599752,1.695184689348574e-05,179.16916205732764,-18.672970730257187
0.4561027423817147,90000.0,call,3593.40275,3527.61148726978,0.4339034468805003,0.43009658705927517,0.301164019240301,1.6351126037586553e-05,172.50273201030868,-23.536106022672037
0.4561027423817147,90000.0,put,19140.36975,19186.942732041432,0.4273931330474075,0.43009658705927517,-0.698835980759699,1.6351126037586553e-05,172.50273201030868,-17.527629358891573
0.4561027423817147,92000.0,call,3171.7279375,3131.463677481759,0.4322352984838801,0.42980309902772484,0.2751439617150925,1.5679090934758574e-05,165.2999554805697,-22.4890273348148
0.4561027423817147,94000.0,call,2786.7205,2782.585898607753,0.4302138121919183,0.4299517580925534,0.25108262714674734,1.4957372195685885e-05,157.74563291278483,-21.425323690548012
0.4561027423817147,95000.0,call,2621.7173125000004,2624.2211179646038,0.4300122450312272,0.4301749691733963,0.23977934608426743,1.4584081880162072e-05,153.88863423678268,-20.892304919240544
0.4561027423817147,95000.0,put,23118.779937500003,23227.66798744579,0.42305710912925426,0.4301749691733963,-0.7602206539157326,1.4584081880162072e-05,153.88863423678268,-14.550023996361166
0.4561027423817147,96000.0,call,2456.714125,2475.7315722736294,0.4292194931538079,0.43048873467126236,0.228952073669778,1.4205489433685231e-05,150.003125273886,-20.360853351598625
0.4561027423817147,100000.0,call,1906.7034999999998,1968.9105308989456,0.42787656807996316,0.4325280332555448,0.1901951120324653,1.2675724381255828e-05,134.48361137019108,-18.278975935044826
0.4561027423817147,100000.0,put,27463.863875,27516.473025089697,0.4285976649799627,0.4325280332555448,-0.8098048879675347,1.2675724381255828e-05,134.48361137019108,-11.602890753066532
0.4561027423817147,105000.0,call,1411.6939375,1493.5146351465173,0.42930748628864285,0.4364427010706964,0.1509876697203955,1.0833830592347758e-05,115.98226620394833,-15.84987883087917
0.4561027423817147,105000.0,put,31753.94675,31985.192754046802,0.4158192759978134,0.4364427010706964,-0.8490123302796044,1.0833830592347758e-05,115.98226620394833,-8.83998938980196
0.4561027423817147,110000.0,call,1008.3528125,1146.4323993941516,0.42705661990087773,0.441374820224628,0.12031304526050052,9.167828475986477e-06,99.25590376053944,-13.675946463055244
0.4561027423817147,115000.0,call,788.3485625,890.5347328105108,0.4344934954268027,0.4469353196868434,0.09639634971354277,7.718105185409602e-06,84.61311522063363,-11.775023624117175
0.4561027423817147,120000.0,call,605.0116875,699.7143420838665,0.4392023907335323,0.45285575540251377,0.07772808864983301,6.485331968558065e-06,72.0401184469377,-10.135863719869734
0.4561027423817147,125000.0,call,458.3421875,555.7379100241187,0.4422236459304612,0.45895447325427796,0.06310060062279062,5.450974236259308e-06,61.365750726255804,-8.733731121196882
0.4561027423817147,130000.0,call,370.3404875,445.84075369822585,0.44990448973997627,0.46510998349372157,0.05157738037235488,4.589370236029464e-06,52.35896721877407,-7.539375290177992
0.4561027423817147,135000.0,call,289.67226250000004,361.0207984536187,0.4542370938898364,0.47124182795659797,0.042443125557912395,3.874042273389449e-06,44.7806612720721,-6.5237209137952075
0.4561027423817147,140000.0,call,238.3379375,294.8667744697045,0.4615921912859707,0.47729737817677775,0.035154795715598715,3.2806035409967987e-06,38.40830247921309,-5.6600551908301755
0.4561027423817147,145000.0,call,190.67034999999998,242.76247436181734,0.46624353669234736,0.48324287778452124,0.029300439635305306,2.7878304800073665e-06,33.045637850318926,-4.9248473431001125
0.4561027423817147,150000.0,call,161.33644999999999,201.3466991111061,0.47399977986257974,0.48905739286110095,0.02456680291371622,2.377821866240471e-06,28.524724587687732,-4.297865524475189
0.4561027423817147,155000.0,call,135.6692875,168.14482225866664,0.48062782238036794,0.4947287193491194,0.020714667614706368,2.0357475783182877e-06,24.704346163456368,-3.7619618440427667
0.4561027423817147,160000.0,call,113.6688625,141.31535003280806,0.48640487631992696,0.5002506010262573,0.01756037921588671,1.7494468139381743e-06,21.4669664700274,-3.3027240815272196
0.4561027423817147,165000.0,call,99.0019125,119.47386956399521,0.4939630548705465,0.5056208267306687,0.014962105440260927,1.5090020626167183e-06,18.715313351265163,-2.9080958950503804
0.7054178108748654,30000.0,call,44587.528,44555.71740079466,0.6874374601922638,0.6798504706671058,0.9704770596565975,1.603446404469765e-06,41.355559722427344,-7.641466252664819
0.7054178108748654,30000.0,put,550.010625,594.4101835382107,0.668894202078593,0.6798504706671058,-0.029522940343402526,1.603446404469765e-06,41.355559722427344,-5.233612035886184
0.7054178108748654,35000.0,call,40004.106125,40024.319196791,0.6412368036647457,0.6446040300490802,0.9531248216257416,2.466992527827497e-06,60.32910783651043,-10.000595415729759
0.7054178108748654,35000.0,put,861.6833125,958.5857766584732,0.6281376000213469,0.6446040300490802,-0.046875178374258364,2.466992527827497e-06,60.32910783651043,-7.191432162821351
0.7054178108748654,40000.0,call,35530.686375,35628.89693490147,0.6010910143744043,0.6131318487501496,0.929967665116927,3.5566378997162217e-06,82.72934394887363,-12.520072554612275
0.7054178108748654,40000.0,put,1301.6918125000002,1458.7373118928663,0.5937043603935167,0.6131318487501496,-0.07003233488307303,3.5566378997162217e-06,82.72934394887363,-9.309600265574094
0.7054178108748654,45000.0,call,31203.936125,31398.605657447988,0.5664505974308628,0.5847892593646282,0.900232437331489,4.864099223332885e-06,107.91153381748516,-15.092478399052446
0.7054178108748654,45000.0,put,1888.3698125,2124.0198315632906,0.5625084490781543,0.5847892593646282,-0.09976756266851095,4.864099223332885e-06,107.91153381748516,-11.480697073884492
0.7054178108748654,50000.0,call,27133.8575,27366.103618466208,0.5417946246832324,0.5592040086874257,0.8632994346087817,6.357939342480333e-06,134.88159989737346,-17.59361653651386
0.7054178108748654,50000.0,put,2695.0520625,2987.09158970544,0.5372466398245926,0.5592040086874257,-0.13670056539121833,6.357939342480333e-06,134.88159989737346,-13.580526175216136
0.7054178108748654,54000.0,call,24090.465375,24306.54149099333,0.5267310145990974,0.5405927070574795,0.8283251257300639,7.647752851090845e-06,156.84478366396897,-19.45235261399208
0.7054178108748654,54000.0,put,3520.068,3843.9884999317055,0.5197450259167182,0.5405927070574795,-0.1716748742699361,7.647752851090845e-06,156.84478366396897,-15.118215023790535
0.7054178108748654,55000.0,call,23357.117875,23567.279084081303,0.5231741341788183,0.5361924162018051,0.8188227860581905,7.977846125343916e-06,162.28275617150265,-19.8880294607572
0.7054178108748654,55000.0,put,3758.4059375,4083.840852444464,0.5159725689132991,0.5361924162018051,-0.18117721394180952,7.977846125343916e-06,162.28275617150265,-15.473630063329702
0.7054178108748654,56000.0,call,22623.770375,22838.883530060506,0.5190035604424721,0.5318929081462326,0.8090201778634316,8.309381362926557e-06,167.67138195343006,-20.309902449838372
0.7054178108748654,56000.0,put,4015.0775625,4334.56005784845,0.512704380102635,0.5318929081462326,-0.1909798221365684,8.309381362926557e-06,167.67138195343006,-15.815241245184922
0.7054178108748654,58000.0,call,21212.0764375,21415.925418454593,0.5121230181322644,0.5235970499052878,0.788528253539972,8.973148681102064e-06,178.24120406072848,-21.10796416623425
0.7054178108748654,58000.0,put,4565.0881875,4869.831465092102,0.5064150302128891,0.5235970499052878,-0.21147174646002798,8.973148681102064e-06,178.24120406072848,-16.45277934712889
0.7054178108748654,60000.0,call,19708.714062500003,20040.11100746587,0.4980532198311316,0.5157080708575764,0.7668881835486575,9.63134648905214e-06,188.43301088661548,-21.838265161104058
0.7054178108748654,60000.0,put,5170.099875000001,5452.246572952947,0.500685933094311,0.5157080708575764,-0.2331118164513425,9.63134648905214e-06,188.43301088661548,-17.02255672754679
0.7054178108748654,62000.0,call,18498.6906875,18713.81965998197,0.49735432498497273,0.5082306906002718,0.7441568856948977,1.0275638201238085e-05,198.12338725616675,-22.49310705724894
0.7054178108748654,62000.0,put,5830.112625,6084.184744318616,0.4953814554256674,0.5082306906002718,-0.2558431143051023,1.0275638201238085e-05,198.12338725616675,-17.516875009239758
0.7054178108748654,64000.0,call,17270.333625,17439.31632444515,0.49300845672169535,0.501170898664337,0.7204105879774662,1.0897231672636666e-05,207.18966177320132,-23.065572713748598
0.7054178108748654,64000.0,put,6545.1264375,6767.910927631368,0.49040681848691187,0.501170898664337,-0.27958941202253385,1.0897231672636666e-05,207.18966177320132,-17.92881705128751
0.7054178108748654,65000.0,call,16646.988250000002,16822.14776563522,0.48951093819556857,0.497799678774877,0.708186094184841,1.119669957923075e-05,211.45146099554015,-23.319019128122893
0.7054178108748654,65000.0,put,6930.133875,7129.857128246225,0.48834771634568586,0.497799678774877,-0.291813905815159,1.119669957923075e-05,211.45146099554015,-18.102001658435853
0.7054178108748654,66000.0,call,16060.31025,16218.694535324175,0.4871834241608366,0.49453538699420463,0.6957454954270748,1.1487107698270803e-05,215.5133207082341,-23.549740100585705
0.7054178108748654,66000.0,put,7315.141312500001,7505.51865735996,0.4856976479520215,0.49453538699420463,-0.30425450457292524,1.1487107698270803e-05,215.5133207082341,-18.252460823672706
0.7054178108748654,68000.0,call,14941.955312499998,15053.814059965182,0.4833141117128536,0.4883309286886432,0.6702777089439093,1.2036300885754522e-05,222.9838037885951,-23.94089184897334
0.7054178108748654,68000.0,put,8158.4909375,8298.867700850536,0.48203496647568533,0.4883309286886432,-0.32972229105609074,1.2036300885754522e-05,222.9838037885951,-18.48308895760843
0.7054178108748654,70000.0,call,13860.26775,13946.235974062729,0.47881805242961334,0.48256371645654567,0.6441422233305035,1.2536222666582702e-05,229.50249666970763,-24.23570634399975
0.7054178108748654,70000.0,put,9038.5079375,9149.519133797665,0.4777269899855283,0.48256371645654567,-0.3558577766694965,1.2536222666582702e-05,229.50249666970763,-18.617379838182934
0.7054178108748654,72000.0,call,12870.248624999998,12897.15899616429,0.4760935404833968,0.4772386858644787,0.617490882014909,1.297900866988049e-05,234.98666416567409,-24.43241424115309
0.7054178108748654,72000.0,put,9936.858625,10058.671674748777,0.4720557081400601,0.4772386858644787,-0.382509117985091,1.297900866988049e-05,234.98666416567409,-18.65356412088437
0.7054178108748654,74000.0,call,11898.5631875,11907.361744922691,0.4719912979075988,0.4723588592197058,0.5904892497127944,1.3357865665719255e-05,239.37301456791454,-24.53090398521659
0.7054178108748654,74000.0,put,11000.2125,11027.10394235676,0.4712354988908998,0.4723588592197058,-0.4095107502872056,1.3357865665719255e-05,239.37301456791454,-18.591530250495953
0.7054178108748654,75000.0,call,11440.221,11434.8096502181,0.470310579304085,0.47008617095979705,0.5769115652572592,1.3521569883049284e-05,241.14077077575175,-24.543746874539668
0.7054178108748654,75000.0,put,11513.55575,11533.66660707695,0.4692522115078162,0.47008617095979705,-0.4230884347427408,1.3521569883049284e-05,241.14077077575175,-18.524111332593076
0.7054178108748654,76000.0,call,11000.2125,10977.155972202065,0.46887510179686426,0.46792475365436675,0.5633124760173692,1.366738839598856e-05,242.62056462076234,-24.532761888076905
0.7054178108748654,76000.0,put,12063.566375,12055.1276884857,0.4682725726177736,0.46792475365436675,-0.4366875239826308,1.366738839598856e-05,242.62056462076234,-18.432864538904365
0.7054178108748654,78000.0,call,10175.196562500001,10106.355570508207,0.46674726948384065,0.46393389941925606,0.5361403483063116,1.3903815437542172e-05,244.7125001036771,-24.4412368283265
0.7054178108748654,78000.0,put,12980.25075,13142.55680564142,0.45730264872448173,0.46393389941925606,-0.46385965169368837,1.3903815437542172e-05,244.7125001036771,-18.180815864702048
0.7054178108748654,80000.0,call,9386.848,9294.265153975648,0.46414943209715737,0.460380509964727,0.5091518495977568,1.4065196849466786e-05,245.65680368111197,-24.26112636969124
0.7054178108748654,80000.0,put,14190.274125,14288.69590795842,0.4563741741532799,0.460380509964727,-0.49084815040224317,1.4065196849466786e-05,245.65680368111197,-17.84018179161488
0.7054178108748654,82000.0,call,8635.1668125,8539.690325873853,0.4611443247437482,0.45725533380750644,0.4825196213930696,1.415145480194686e-05,245.48554313133337,-23.998589147207998
0.7054178108748654,82000.0,put,15418.6311875,15492.350598706202,0.4542521402538069,0.45725533380750644,-0.5174803786069304,1.415145480194686e-05,245.48554313133337,-17.417120954679728
0.7054178108748654,84000.0,call,7975.1540625,7840.969605318955,0.46003762630306705,0.45454570087868684,0.45640476250794254,1.4164330490072046e-05,244.2528604101015,-23.660896362645843
0.7054178108748654,84000.0,put,16701.9893125,16751.85939700086,0.4525037120174197,0.45454570087868684,-0.5435952374920574,1.4164330490072046e-05,244.2528604101015,-16.918904555665662
0.7054178108748654,85000.0,call,7663.481374999999,7511.919901162921,0.4595691851835467,0.45334187294976835,0.44358741418017517,1.414425404685671e-05,243.26069049237253,-23.466372192208595
0.7054178108748654,85000.0,put,17380.33575,17401.92445226963,0.4524543364400235,0.45334187294976835,-0.5564125858198248,1.414425404685671e-05,243.26069049237253,-16.644118578002466
0.7054178108748654,86000.0,call,7315.141312500001,7196.0257581230835,0.4571547024010428,0.45223575597517285,0.43095236271067694,1.4107224174802792e-05,242.03184806831516,-23.256141657569426
0.7054178108748654,86000.0,put,18040.3485,18065.145068654558,0.4512111270207281,0.45223575597517285,-0.5690476372893231,1.4107224174802792e-05,242.03184806831516,-16.353626236137337
0.7054178108748654,88000.0,call,6728.4633125,6602.4323674127845,0.4555776533158697,0.4503068528498604,0.4062880796479328,1.39849474834464e-05,238.91061621769924,-22.79293228347148
0.7054178108748654,88000.0,put,19415.375062500003,19429.78119679384,0.44970380119778686,0.4503068528498604,-0.5937119203520672,1.39849474834464e-05,238.91061621769924,-15.729893247587484
0.7054178108748654,90000.0,call,6178.4526875,6057.490220892963,0.45387980063788913,0.44873806787689335,0.3825159376254218,1.380341579636487e-05,234.98791962841517,-22.280084797701377
0.7054178108748654,90000.0,put,20827.069000000003,20843.068569123585,0.4480570956031254,0.44873806787689335,-0.6174840623745782,1.380341579636487e-05,234.98791962841517,-15.056522147365472
0.7054178108748654,92000.0,call,5701.7768125,5558.307653482723,0.4537233592475807,0.44750678440325226,0.35971738380497703,1.356931229739702e-05,230.3687225760842,-21.726345691248174
0.7054178108748654,92000.0,put,22330.431375,22302.115520562904,0.4487354939303794,0.44750678440325226,-0.640282616195023,1.356931229739702e-05,230.3687225760842,-14.342259426460362
0.7054178108748654,94000.0,call,5225.100937499999,5101.879344032874,0.45205098536539645,0.44658929841252,0.3379515077780674,1.3289754005714462e-05,225.16003449693432,-21.14015225831702
0.7054178108748654,94000.0,put,23888.7948125,23803.91672996262,0.4503537609042829,0.44658929841252,-0.6620484922219326,1.3289754005714462e-05,225.16003449693432,-13.595542379077298
0.7054178108748654,95000.0,call,5005.0966875,4888.745872968775,0.4514619432503203,0.4462406692461251,0.32746845338878783,1.31351956201814e-05,222.36772132447305,-20.837389502481848
0.7054178108748654,95000.0,put,24658.8096875,24569.898018323314,0.45023257797717037,0.4462406692461251,-0.6725315466112122,1.31351956201814e-05,222.36772132447305,-13.21251781601617
0.7054178108748654,96000.0,call,4803.426125,4685.159040462353,0.45133728887008184,0.4459614019223029,0.3172562338909338,1.2971984882641775e-05,219.46726846308889,-20.529442843937126
0.7054178108748654,98000.0,call,4418.4186875,4305.123010460058,0.45089324377884743,0.4455989104953685,0.2976502412457215,1.2623113594962644e-05,213.39127739072876,-19.901519531544217
0.7054178108748654,100000.0,call,4088.4123125,3958.8224123654,0.45171349528668736,0.4454781129312092,0.2791353528307545,1.2249905463201126e-05,207.02612858926636,-19.26296124441663
0.7054178108748654,100000.0,put,28563.885125,28535.54835484387,0.4468456903010254,0.4454781129312092,-0.7208646471692455,1.2249905463201126e-05,207.02612858926636,-11.236780521821178
0.7054178108748654,105000.0,call,3263.396375,3222.432773165252,0.44823374459386356,0.4460861709013139,0.23751235161226475,1.1250087863952463e-05,190.38850633011432,-17.656298842882165
0.7054178108748654,105000.0,put,32670.631125,32694.732512767638,0.4448188617475611,0.4460861709013139,-0.7624876483877352,1.1250087863952463e-05,190.38850633011432,-9.228809084156945
0.7054178108748654,110000.0,call,2658.3846875,2639.62057944926,0.44882093454058286,0.4477409994651786,0.20213886553693888,1.0216685345324955e-05,173.54133537092986,-16.08778644482844
0.7054178108748654,110000.0,put,36942.380312500005,37007.494116175585,0.44397283822215633,0.4477409994651786,-0.7978611344630611,1.0216685345324955e-05,173.54133537092986,-7.25898764997344
0.7054178108748654,115000.0,call,2163.375125,2177.18107186377,0.44929396763553786,0.45017316122891315,0.17232182227644371,9.205921784170726e-06,157.2218609467498,-14.601765981409706
0.7054178108748654,120000.0,call,1778.3676875,1808.5513797316016,0.4510331705505173,0.45316820566228505,0.14729726506647944,8.252402044037178e-06,141.8749960690245,-13.22244294080429
0.7054178108748654,125000.0,call,1448.3613125,1512.9617787103998,0.45145253802719526,0.4565603093321539,0.12632697901777784,7.374401792727382e-06,127.72943837283587,-11.959917240921085
0.7054178108748654,130000.0,call,1191.6896875,1274.3716152142706,0.45290878433551773,0.460223592354295,0.10874617165770817,6.579029607442925e-06,114.86739479776965,-10.815150300722982
0.7054178108748654,135000.0,call,1008.3528125,1080.457824645162,0.45695934752931167,0.46406360421685544,0.09398032547208185,5.866352720134253e-06,103.27893073673944,-9.78361602527166
0.7054178108748654,140000.0,call,843.349625,921.7591656648101,0.45937033198925814,0.46801000997922554,0.0815451024914366,5.232356224054405e-06,92.90059552846944,-8.85779799669954
0.7054178108748654,150000.0,call,605.0116875,682.5346785410438,0.46539166321111247,0.47602732470546477,0.062128361691074316,4.175067514041956e-06,75.39827983117576,-7.287396384375302
0.7054178108748654,160000.0,call,458.3421875,515.9909186196169,0.4743033092516698,0.48400330817232595,0.048062509353287104,3.352093355793214e-06,61.55034445639588,-6.031713778618418
0.7054178108748654,180000.0,call,264.00509999999997,310.88142598814056,0.4875391858733252,0.4993255385300279,0.029982084596859044,2.211285505120825e-06,41.88848474339664,-4.216466321557461
0.9547328793680161,40000.0,call,36447.37075,36635.96271415336,0.5769649246903642,0.5945292211795664,0.9173128384626421,3.577764257739141e-06,109.21604284953662,-12.039410788785334
0.9547328793680161,40000.0,put,1980.03825,2081.28117906688,0.5851760122623793,0.5945292211795664,-0.08268716153735789,3.577764257739141e-06,109.21604284953662,-8.59259840318175
0.9547328793680161,50000.0,call,28527.21775,28818.28579180208,0.531510739514229,0.5491469655996691,0.8507882849075836,5.904531679584875e-06,166.485170810955,-16.101848695612905
0.9547328793680161,50000.0,put,3648.4038125,3958.6213729439896,0.5303391178680564,0.5491469655996691,-0.14921171509241637,5.904531679584875e-06,166.485170810955,-11.793333213608422
0.9547328793680161,55000.0,call,24952.1486875,25244.601687157236,0.5150005120269383,0.5300616411677388,0.8090097079995844,7.167428812778055e-06,195.07035569889217,-17.865280534398174
0.9547328793680161,55000.0,put,4968.4293125,5232.445826413328,0.5164712617721359,0.5300616411677388,-0.19099029200041562,7.167428812778055e-06,195.07035569889217,-13.125913504193242
0.9547328793680161,56000.0,call,24273.80225,24559.987158983196,0.5121908315032506,0.5265123814954524,0.8000058869263112,7.420478891051946e-06,200.6051292759313,-18.186224887622593
0.9547328793680161,56000.0,put,5261.768312499999,5517.333009862123,0.513728656283271,0.5265123814954524,-0.19999411307368875,7.420478891051946e-06,200.6051292759313,-13.360687547777575
0.9547328793680161,58000.0,call,22953.77675,23222.455314083643,0.5069328201784474,0.5196761460190755,0.7813859866678097,7.922605811510426e-06,211.3987141877311,-18.791783117319216
0.9547328793680161,58000.0,put,5866.78,6118.804588208253,0.5077247462916429,0.5196761460190755,-0.21861401333219033,7.922605811510426e-06,211.3987141877311,-13.793905158194013
0.9547328793680161,60000.0,call,21688.752312499997,21928.418763452042,0.5023606062993986,0.5131864661570038,0.7619895338495422,8.415517414608268e-06,221.74688531031018,-19.3454909155946
0.9547328793680161,60000.0,put,6526.79275,6763.771460822329,0.5024822166467671,0.5131864661570038,-0.23801046615045784,8.415517414608268e-06,221.74688531031018,-14.175272337189218
0.9547328793680161,62000.0,call,20478.7289375,20679.262508117543,0.49837263963903705,0.5070404127872487,0.741872812836352,8.89441654320235e-06,231.5589388346307,-19.843683818417144
0.9547328793680161,62000.0,put,7205.1391875,7453.618628733504,0.49629790030690196,0.5070404127872487,-0.258127187163648,8.89441654320235e-06,231.5589388346307,-14.501124620731586
0.9547328793680161,64000.0,call,19305.3729375,19476.239709087728,0.49413548671188495,0.5012357420712431,0.7211017833714302,9.354483886034042e-06,240.7483803449602,-20.283251971455588
0.9547328793680161,64000.0,put,7975.1540625,8189.599252949363,0.49232363324675293,0.5012357420712431,-0.27889821662856984,9.354483886034042e-06,240.7483803449602,-14.768352154489847
0.9547328793680161,66000.0,call,18205.3516875,18320.44354502955,0.49115230312306735,0.4957705736372473,0.6997517274666293,9.79098636180516e-06,249.23481177958217,-20.661708621989543
0.9547328793680161,66000.0,put,8800.17,8972.806512136867,0.4888428495542934,0.4957705736372473,-0.3002482725333707,9.79098636180516e-06,249.23481177958217,-14.974468185743625
0.9547328793680161,68000.0,call,17141.9978125,17212.77923409077,0.48788841643214337,0.49064307831901954,0.6779065755004935,1.0199394229751823e-05,256.9458252463007,-20.97724951809104
0.9547328793680161,68000.0,put,9661.853312500001,9804.145624443747,0.4851054741662785,0.49064307831901954,-0.3220934244995065,1.0199394229751823e-05,256.9458252463007,-15.117668462564943
0.9547328793680161,70000.0,call,16115.3113125,16153.937513235607,0.48438712711868626,0.4858511804513433,0.6556578938711539,1.0575501956715516e-05,263.8188135987499,-21.228799349357566
0.9547328793680161,70000.0,put,10596.871374999999,10684.307326834274,0.4825372699385617,0.4858511804513433,-0.3443421061288461,1.0575501956715516e-05,263.8188135987499,-15.196877674551288
0.9547328793680161,72000.0,call,15088.624812499998,15144.371010585855,0.4793262932250908,0.4813922819709776,0.6331035376575713,1.0915546736551843e-05,269.80259802658503,-21.416041547026985
0.9547328793680161,72000.0,put,11568.5568125,11613.744247430197,0.4797175775482419,0.4813922819709776,-0.3668964623424287,1.0915546736551843e-05,269.80259802658503,-15.21177925294053
0.9547328793680161,74000.0,call,14153.60675,14184.274981950282,0.47614730354433127,0.4772630170433812,0.6103459966482,1.1216317843970237e-05,274.85877133406314,-21.53942832969335
0.9547328793680161,74000.0,put,12576.909624999998,12592.651642040295,0.4766903038422332,0.4772630170433812,-0.3896540033518,1.1216317843970237e-05,274.85877133406314,-15.162825416326713
0.9547328793680161,76000.0,call,13291.9234375,13273.573784669872,0.47411685248901536,0.47345904640156095,0.5874904893616504,1.1475249893125552e-05,278.9626639323127,-21.600168841904697
0.9547328793680161,76000.0,put,13640.2635,13620.953868005567,0.4741512675713602,0.47345904640156095,-0.4125095106383496,1.1475249893125552e-05,278.9626639323127,-15.051225309257882
0.9547328793680161,78000.0,call,12466.9075,12411.914218224265,0.47192449378745227,0.46997489989491315,0.5646428841165366,1.1690493678549658e-05,282.1038584547419,-21.600194533116824
0.9547328793680161,78000.0,put,14776.952125000002,14698.297724805627,0.47276343637194956,0.46997489989491315,-0.4353571158834634,1.1690493678549658e-05,282.1038584547419,-14.878910381189833
0.9547328793680161,80000.0,call,11678.5589375,11598.666481115331,0.46961447049588007,0.4668038738935704,0.5419075453470887,1.1860959616545489e-05,284.28620728117625,-21.542102446171295
0.9547328793680161,80000.0,put,16023.642875,15824.053410942375,0.4738265725035991,0.4668038738935704,-0.45809245465291126,1.1860959616545489e-05,284.28620728117625,-14.648477674964122
0.9547328793680161,82000.0,call,10926.87775,10832.9330099599,0.46722843960654564,0.4639379873406701,0.5193852141366392,1.1986330769790403e-05,285.52734236511264,-21.429078658144565
0.9547328793680161,82000.0,put,17215.3325625,16997.32336303263,0.4715745914212885,0.4639379873406701,-0.4806147858633608,1.1986330769790403e-05,285.52734236511264,-14.363113267657212
0.9547328793680161,84000.0,call,10230.197625,10113.56493202574,0.46544804557884734,0.46136799672185735,0.49717103234487,1.2067044800953713e-05,285.85770445931337,-21.264805547381417
0.9547328793680161,84000.0,put,18462.0233125,18216.958708344122,0.469940799518504,0.46136799672185735,-0.5028289676551301,1.2067044800953713e-05,285.85770445931337,-14.026499537613887
0.9547328793680161,86000.0,call,9588.518562500001,9439.185340715045,0.46431645956856793,0.4590834664794967,0.4753528092895428,1.2104246657091519e-05,285.3191543185518,-21.05335766484061
0.9547328793680161,86000.0,put,19727.04775,19481.582540279123,0.4676842507227489,0.4590834664794967,-0.5246471907104572,1.2104246657091519e-05,285.3191543185518,-13.642711035792901
0.9547328793680161,88000.0,call,8965.1731875,8808.21815859654,0.46259807157594934,0.4570728879300681,0.45400960998593726,1.2099716008748828e-05,283.9632571715225,-20.799091628455532
0.9547328793680161,88000.0,put,21028.7395625,20789.618781406287,0.46548887361491414,0.4570728879300681,-0.5459903900140628,1.2099716008748828e-05,283.9632571715225,-13.216104380127643
0.9547328793680161,90000.0,call,8378.4951875,8218.92103605513,0.46098196547212067,0.45532383698618634,0.43321071721157695,1.2055775173522283e-05,281.8493502898939,-20.506535572157656
0.9547328793680161,90000.0,put,22165.4281875,22139.325082110554,0.4562498769829408,0.45532383698618634,-0.5667892827884231,1.2055775173522283e-05,281.8493502898939,-12.751207704549588
0.9547328793680161,92000.0,call,7828.4845625,7669.42057551015,0.45951839009394024,0.4538231592461912,0.4130149898272758,1.1975184258614165e-05,279.0425101919166,-20.18028328527755
0.9547328793680161,92000.0,put,23558.788437500003,23528.828044811256,0.4548966603800467,0.4538231592461912,-0.5869850101727242,1.1975184258614165e-05,279.0425101919166,-12.2526147983893
0.9547328793680161,94000.0,call,7333.475,7157.7481760137525,0.4589245850785714,0.45255717042181937,0.39347061069146605,1.1861030501774363e-05,275.6115311890663,-19.824897365313078
0.9547328793680161,94000.0,put,24988.8160625,24956.159068560533,0.45374176500503066,0.45255717042181937,-0.606529389308534,1.1861030501774363e-05,275.6115311890663,-11.72488825914465
0.9547328793680161,95000.0,call,7095.1370625,6915.464911049436,0.4585626096686256,0.4520078134739879,0.38395483410827846,1.1792394607544945e-05,273.6840301444959,-19.63767546877588
0.9547328793680161,95000.0,put,25703.829875000003,25683.377515219057,0.4527549777318048,0.4520078134739879,-0.6160451658917215,1.1792394607544945e-05,273.6840301444959,-11.451496052967359
0.9547328793680161,96000.0,call,6856.799125,6681.874941803977,0.45794078205410227,0.45151186057296266,0.37461519245070707,1.1716618338988779e-05,271.62701257996696,-19.4448246188173
0.9547328793680161,96000.0,put,26565.513187499997,26419.289257596443,0.45688744857387364,0.45151186057296266,-0.6253848075492929,1.1716618338988779e-05,271.62701257996696,-11.172474893368694
0.9547328793680161,98000.0,call,6398.456937499999,6239.744354823324,0.4566024025313834,0.45067309200533673,0.35647619072488707,1.1545365737932223e-05,267.15963087019253,-19.044325740697584
0.9547328793680161,98000.0,put,27903.872375,27916.162093861443,0.4502130080262249,0.45067309200533673,-0.643523809275113,1.1545365737932223e-05,267.15963087019253,-10.599635395968798
0.9547328793680161,100000.0,call,5976.782125000001,5829.301730808911,0.45563758131109966,0.4500267826711723,0.33907156272924044,1.1350711015772934e-05,262.27864938359085,-18.627420129231044
0.9547328793680161,100000.0,put,29425.5684375,29444.72289309271,0.4492962626215117,0.4500267826711723,-0.6609284372707596,1.1350711015772934e-05,262.27864938359085,-10.010389165222078
0.9547328793680161,105000.0,call,5060.097750000001,4928.6506986467175,0.45443282425961273,0.4491629485908515,0.29881516442223166,1.0783543077214738e-05,248.6949190316756,-17.53714553262694
0.9547328793680161,110000.0,call,4271.7491875,4183.497093135989,0.4529746562797021,0.4492116286155952,0.26314080082359703,1.0139332506280126e-05,233.86318840213045,-16.416628286098774
0.9547328793680161,115000.0,call,3721.7385625,3567.001670374091,0.4570246910736394,0.44999055828850437,0.23179949262634086,9.458151171818715e-06,218.53004915958277,-15.303287662628394
0.9547328793680161,120000.0,call,3153.39425,3056.0765342948835,0.4561057521728615,0.4513438102581047,0.2044245778747718,8.770532532369944e-06,203.25206447463435,-14.223305861985315
0.9547328793680161,130000.0,call,2236.709875,2277.0220600841203,0.4529574468587262,0.4552791125497893,0.15989664383624524,7.4550583227304586e-06,174.27307017017097,-12.224052853333339
0.9547328793680161,140000.0,call,1650.031875,1729.991683148718,0.4548095574857816,0.4602505317485829,0.12629218596300762,6.286798714653244e-06,148.56803025308778,-10.48045487931007
0.9547328793680161,150000.0,call,1246.69075,1338.569437549042,0.4583790946490543,0.46577102589626707,0.10084183917971362,5.290618260749324e-06,126.52618293243013,-8.993992693874043
0.9547328793680161,160000.0,call,953.35175,1053.0561063071655,0.46205492424131117,0.47153926808935503,0.08141386254432748,4.458505470211488e-06,107.94652835970939,-7.740409196642768
0.9547328793680161,170000.0,call,751.6811874999999,840.9279153143898,0.4674052254504978,0.4773714109164877,0.0664347078656145,3.7700073966400533e-06,92.40598893576244,-6.687526642915786
0.9547328793680161,180000.0,call,605.0116875,680.6043485214764,0.47330846309364943,0.4831566738954213,0.054761364101649834,3.2021133428448515e-06,79.43761450580054,-5.803373978161688
